"section_id","user_id","down_vote"
83,39070,1
119,39005,1
122,52,1
169,39118,1
169,52,1
180,39071,1
164,35656,1
165,22902,1
211,52,1
217,52,1
217,11566,1
217,38060,1
226,52,1
226,11566,1
226,39118,1
239,52,1
241,52,1
241,11566,1
291,39247,1
293,38905,1
292,38905,1
293,39247,1
295,39230,1
290,39234,1
294,39230,1
292,70647,1
296,70683,1
297,70637,1
297,39235,1
290,70637,1
297,70640,1
295,70637,1
295,70682,1
297,70647,1
290,39036,1
294,39283,1
292,70638,1
294,70638,1
297,39282,1
297,39033,1
294,39282,1
294,38901,1
295,39282,1
298,39235,1
291,70644,1
294,39037,1
301,39247,1
296,38903,1
291,70681,1
295,38903,1
299,39233,1
303,39233,1
309,70755,1
303,70760,1
302,70759,1
308,64783,1
297,70780,1
295,70773,1
301,70762,1
307,70931,1
298,70761,1
296,61180,1
297,70743,1
305,70697,1
302,70928,1
307,70753,1
301,70013,1
310,70753,1
302,70784,1
293,70762,1
306,69919,1
309,70920,1
309,69919,1
298,70928,1
307,70780,1
293,70031,1
296,70098,1
307,69587,1
305,70734,1
297,69587,1
307,70924,1
296,70929,1
295,61180,1
311,70761,1
309,70932,1
295,65986,1
298,70759,1
309,70786,1
297,70786,1
296,70784,1
295,70743,1
295,70930,1
312,39230,1
300,70647,1
302,70732,1
306,70683,1
302,70031,1
300,70774,1
299,70774,1
295,70774,1
312,70753,1
296,70632,1
301,70632,1
298,70732,1
304,38901,1
296,70968,1
299,39232,1
296,38901,1
311,38903,1
314,70754,1
304,39232,1
314,70956,1
302,70636,1
312,70755,1
307,70971,1
302,70644,1
306,70652,1
301,70644,1
309,38906,1
303,70969,1
309,70973,1
299,39285,1
301,39282,1
305,39247,1
300,39033,1
303,70638,1
313,70640,1
302,39037,1
309,70097,1
313,70930,1
309,70636,1
314,70650,1
311,70968,1
297,70931,1
313,39282,1
297,70638,1
298,70757,1
308,70955,1
307,70955,1
303,70918,1
308,70761,1
312,70761,1
311,70739,1
313,70958,1
300,70932,1
300,68133,1
308,68133,1
303,70751,1
311,69492,1
298,70786,1
300,70780,1
313,70787,1
307,70098,1
302,39234,1
308,39234,1
314,70098,1
307,70918,1
309,39285,1
313,39285,1
314,70787,1
314,69385,1
308,70640,1
314,70086,1
309,39234,1
310,70734,1
304,70736,1
304,70640,1
312,61180,1
301,39284,1
310,70775,1
298,39284,1
303,39235,1
312,70920,1
307,70755,1
308,39033,1
305,70971,1
306,39247,1
309,39284,1
307,70697,1
313,70267,1
313,39034,1
306,69385,1
313,66967,1
311,70786,1
313,64783,1
309,70757,1
310,38901,1
313,70959,1
313,38901,1
314,70760,1
314,70923,1
313,70784,1
312,70637,1
315,70697,1
315,70751,1
315,39032,1
315,39230,1
190,70461,1
317,70930,1
317,70267,1
315,39232,1
316,69492,1
318,70637,1
315,70971,1
324,70777,1
321,70968,1
316,70031,1
315,65012,1
323,39283,1
324,39283,1
311,70640,1
320,70956,1
295,39234,1
324,70930,1
306,70681,1
301,70681,1
317,61180,1
321,70788,1
320,70098,1
316,64783,1
324,70775,1
323,70632,1
325,70650,1
308,70930,1
317,39033,1
297,70632,1
298,39039,1
322,70754,1
323,65012,1
301,70972,1
314,38905,1
297,70973,1
296,70732,1
318,39247,1
300,70761,1
321,70013,1
324,70972,1
309,65986,1
304,70918,1
323,70754,1
302,39285,1
324,69492,1
325,70267,1
314,70013,1
328,38903,1
323,70755,1
326,70971,1
306,70784,1
310,70031,1
320,39034,1
315,70755,1
321,70031,1
313,69841,1
319,70652,1
303,70929,1
307,65986,1
322,70775,1
308,65986,1
320,70932,1
303,70923,1
311,70753,1
300,70759,1
304,66967,1
324,39037,1
314,70759,1
322,39037,1
329,39037,1
325,70968,1
317,70678,1
331,39232,1
331,64783,1
307,64783,1
283,70923,1
316,38903,1
277,70955,1
250,70958,1
296,70777,1
323,70739,1
259,70682,1
331,71111,1
258,71111,1
300,70928,1
260,39285,1
294,70920,1
251,70920,1
325,70774,1
288,38906,1
284,39284,1
262,39032,1
316,39032,1
308,70743,1
312,70743,1
329,70786,1
327,70732,1
275,70757,1
308,69587,1
282,70650,1
304,70650,1
285,38901,1
276,70773,1
311,70267,1
320,70739,1
281,70931,1
317,70760,1
326,70739,1
282,70739,1
287,70760,1
322,70973,1
290,70973,1
2706,71111,1
1545,70788,1
13801,70644,1
46266,70761,1
1789,70755,1
11370,39034,1
15763,70921,1
9958,70921,1
32774,39036,1
40493,70761,1
1800,38906,1
1902,39234,1
13146,39034,1
2102,39034,1
1889,39039,1
46268,70929,1
42572,70682,1
32430,39039,1
47064,69492,1
53137,70682,1
56857,70736,1
47559,39247,1
445,70647,1
47624,39230,1
47560,39247,1
10519,70754,1
2026,70644,1
31486,70031,1
465,70640,1
1801,39230,1
56969,70774,1
34111,39032,1
2015,39032,1
333,70774,1
1618,70086,1
33899,70774,1
1763,70031,1
33908,70924,1
558,70918,1
52667,39283,1
29534,70932,1
2106,70924,1
1804,70652,1
1631,70773,1
28806,70932,1
41525,70031,1
1606,39234,1
31487,70780,1
32446,70784,1
47075,70683,1
333,70697,1
554,70920,1
47071,39233,1
9670,70788,1
14971,70683,1
2071,70697,1
1617,70787,1
52968,70959,1
1767,70683,1
2709,71111,1
2076,71111,1
2106,70929,1
535,70761,1
9958,70784,1
1618,70762,1
542,70098,1
1803,70739,1
46262,70955,1
52616,70973,1
50975,70751,1
1538,70969,1
468,70930,1
56970,70267,1
41517,69492,1
60044,70930,1
1583,70930,1
1633,70921,1
435,38905,1
28801,39037,1
31618,38905,1
1755,70760,1
52886,66967,1
326,70918,1
1768,70760,1
1587,61180,1
1894,70734,1
41516,1081,1
18495,70760,1
2074,70636,1
11369,1081,1
50917,70759,1
1565,2688,1
53134,2688,1
2017,1592,1
1536,615,1
59939,509,1
33893,70784,1
550,70759,1
3614,2392,1
52969,1069,1
14970,422,1
554,615,1
1608,70784,1
31483,39285,1
15285,70732,1
56964,39247,1
1597,509,1
2088,1140,1
3596,1081,1
15306,2486,1
324,3149,1
47071,1656,1
1572,527,1
3597,2486,1
1600,2392,1
455,1069,1
50186,422,1
1632,527,1
46426,475,1
1628,3682,1
1803,3682,1
47066,649,1
41524,3207,1
1766,65986,1
40493,1296,1
52885,527,1
32431,417,1
14402,649,1
28641,2787,1
46510,70760,1
32448,444,1
463,1866,1
1742,1866,1
9955,4340,1
33881,478,1
50556,643,1
47075,1972,1
33906,464,1
33885,39284,1
47075,478,1
1779,3757,1
46338,39032,1
2112,70681,1
50655,70647,1
9669,39247,1
39392,70681,1
470,38903,1
67442,1777,1
317,70736,1
2088,70759,1
8397,70956,1
323,515,1
28800,3558,1
47561,1082,1
3362,2339,1
52784,4283,1
1881,412,1
482,425,1
32439,2339,1
2065,70647,1
1881,70782,1
60044,413,1
2078,3701,1
1597,3554,1
35839,70647,1
2023,70775,1
47066,70697,1
2113,70929,1
2039,70697,1
2015,413,1
1897,70782,1
32431,840,1
5802,1047,1
32438,4372,1
11368,3350,1
1588,1081,1
13169,4372,1
67427,515,1
46514,546,1
9665,70924,1
32429,1069,1
541,2794,1
59937,70754,1
59937,2045,1
41659,1069,1
10239,70757,1
3595,2611,1
32421,2611,1
479,1540,1
41529,2045,1
52783,3757,1
1545,515,1
2059,1972,1
2104,1777,1
1823,1540,1
56848,1972,1
52877,3764,1
14401,3764,1
1751,643,1
8397,1638,1
50654,2318,1
52559,444,1
1756,4372,1
300,3700,1
317,70932,1
16244,596,1
33900,444,1
1539,70932,1
52667,2054,1
60045,3700,1
1612,1140,1
9670,596,1
479,546,1
13140,2392,1
1541,2394,1
32429,1540,1
1790,406,1
14972,2794,1
2102,444,1
33884,1713,1
558,70757,1
50187,509,1
1747,529,1
66897,65986,1
51958,1713,1
31618,70774,1
52562,509,1
1592,70637,1
31487,1936,1
66898,554,1
60155,529,1
32435,3774,1
13753,70774,1
1821,70773,1
1795,410,1
9956,1936,1
1636,410,1
2027,1936,1
32421,2703,1
298,410,1
32447,615,1
30438,39235,1
46511,529,1
50187,70918,1
2040,70753,1
1634,410,1
2039,3331,1
1545,70637,1
554,3774,1
66898,529,1
1745,529,1
2587,3774,1
2089,70753,1
50654,5313,1
2074,2339,1
57191,5345,1
1600,419,1
2073,5313,1
1631,2654,1
1626,2849,1
1736,5348,1
1903,5395,1
2016,70968,1
38404,5055,1
1595,2849,1
60382,70736,1
3135,70736,1
14971,6380,1
52971,467,1
1797,5193,1
1536,6380,1
50183,2392,1
32442,467,1
18496,5819,1
13140,69587,1
56852,6475,1
1592,1089,1
1641,6509,1
1623,6428,1
1902,2392,1
10519,1089,1
1763,1829,1
46428,39037,1
57322,1140,1
57193,532,1
1873,5955,1
451,5851,1
11368,997,1
354,1972,1
11348,6433,1
1612,1829,1
1771,5446,1
3362,4972,1
7981,5552,1
68461,5151,1
2090,4972,1
1609,6380,1
2059,5205,1
554,414,1
535,6509,1
29831,6340,1
455,5609,1
74519,6509,1
1589,1714,1
2042,5193,1
50182,5748,1
11369,5151,1
1593,1049,1
304,70956,1
8898,466,1
2060,70777,1
67001,5151,1
50184,466,1
74414,2787,1
14971,70759,1
547,5703,1
2090,70097,1
31618,2707,1
77502,5796,1
16266,70636,1
16493,5796,1
52877,5869,1
1593,2611,1
67431,70968,1
297,997,1
3138,5818,1
78372,2849,1
57456,5552,1
1736,5818,1
554,5937,1
315,705,1
77272,5977,1
67429,5248,1
1794,5992,1
60047,5303,1
1762,6433,1
1632,6433,1
1878,6475,1
33903,596,1
33893,406,1
32773,406,1
554,5869,1
33883,70732,1
77196,70683,1
52877,5942,1
1644,2688,1
550,4372,1
324,5055,1
52884,70697,1
1881,6363,1
50975,1047,1
47073,5134,1
2034,5498,1
28946,3554,1
56964,6380,1
46791,5134,1
315,5345,1
545,5551,1
52877,538,1
1767,5943,1
549,5935,1
1612,538,1
38405,5943,1
73713,488,1
82248,515,1
82499,5954,1
11348,5796,1
1744,5946,1
56964,419,1
16245,509,1
74417,5970,1
2025,419,1
13145,5248,1
1601,6410,1
1557,5025,1
1609,5498,1
32429,5498,1
82646,5193,1
2230,6410,1
67438,798,1
2077,464,1
481,70787,1
1570,5289,1
1556,6471,1
60154,5193,1
2019,70787,1
1566,70650,1
33883,5422,1
3594,70971,1
86417,798,1
32435,5070,1
15520,5954,1
330,5535,1
33890,5070,1
77328,5609,1
2075,3558,1
74853,1104,1
52614,1104,1
33888,1104,1
32430,6321,1
1747,5248,1
1782,6321,1
13144,3806,1
1642,5248,1
526,6501,1
2063,1047,1
79704,6505,1
80856,3806,1
83167,6321,1
52615,1321,1
2106,1321,1
77197,586,1
28799,6321,1
1536,5818,1
2024,5902,1
60380,5008,1
1901,5902,1
77271,5239,1
33889,1017,1
52782,5971,1
1901,5239,1
80368,538,1
10495,5680,1
2230,5992,1
1789,6346,1
74518,6471,1
41528,5818,1
1884,5612,1
307,5313,1
550,6340,1
90796,502,1
1751,5818,1
2092,2963,1
11368,5239,1
2085,5298,1
559,6411,1
3833,5334,1
46424,5151,1
35839,5519,1
84217,5902,1
9955,5334,1
78396,5334,1
73616,5954,1
13456,5946,1
77602,5694,1
82248,6411,1
51896,5703,1
1606,2703,1
2705,5298,1
31487,5819,1
1900,1104,1
1589,5446,1
9958,5636,1
1743,4972,1
77722,1104,1
552,5971,1
46427,5612,1
1773,5210,1
9954,5939,1
32441,4972,1
1592,3331,1
52609,5796,1
2093,5334,1
14401,5298,1
46790,5819,1
51264,5621,1
81140,5298,1
326,5694,1
46430,2777,1
80729,6416,1
1821,5805,1
3592,6348,1
67434,5805,1
1808,5805,1
1620,586,1
1745,2777,1
1564,5170,1
56855,586,1
3614,6331,1
17000,5694,1
448,6411,1
9957,6470,1
329,6331,1
74428,5118,1
98332,6321,1
74422,5938,1
28945,6453,1
44825,5170,1
2234,5572,1
1796,5298,1
28948,5535,1
1801,2770,1
84040,5636,1
84036,5572,1
32431,5938,1
1890,5298,1
46269,5946,1
2023,2770,1
2226,5680,1
78014,6331,1
482,6336,1
1771,5636,1
56969,586,1
46263,510,1
74427,6411,1
2230,5147,1
52565,5210,1
9668,5935,1
32445,5636,1
14401,6470,1
9939,6411,1
1812,5851,1
8899,5935,1
3140,475,1
29387,435,1
1770,6453,1
32443,5935,1
3594,435,1
473,5008,1
2104,5858,1
60379,2654,1
1885,3592,1
51897,6453,1
41524,5956,1
32423,5170,1
74424,435,1
68583,5956,1
537,5956,1
2225,6507,1
1605,5722,1
330,6336,1
18497,5851,1
1754,5876,1
2048,5956,1
2035,6346,1
81119,6453,1
1634,5851,1
47562,5503,1
67432,6428,1
28808,6013,1
8900,5851,1
16246,3592,1
66892,3592,1
46341,6507,1
97338,5551,1
1779,6346,1
98476,70788,1
1566,70788,1
17000,70650,1
98082,70761,1
1599,71111,1
46516,70678,1
83014,64783,1
75028,70732,1
84039,70739,1
40493,70739,1
20746,39234,1
13778,69841,1
554,70743,1
66891,70969,1
2067,70958,1
1566,69385,1
31618,39039,1
17000,69492,1
476,39034,1
1902,70929,1
34111,70652,1
52782,70734,1
2064,70751,1
526,69492,1
1198,68133,1
4073,39039,1
41530,39247,1
1809,39230,1
454,70682,1
73717,39247,1
104227,39232,1
2106,5703,1
475,2777,1
548,461,1
32437,69841,1
33890,6013,1
32443,5703,1
14425,2777,1
52568,6416,1
11662,3331,1
14660,6336,1
77422,2777,1
106716,461,1
84217,6416,1
547,1089,1
13140,488,1
32431,5552,1
2102,39247,1
1623,5551,1
52724,38905,1
98478,1656,1
84039,4340,1
75498,6321,1
52890,488,1
53489,70678,1
10216,39284,1
80729,70682,1
1761,39233,1
467,70929,1
74759,69841,1
1591,6346,1
33905,3592,1
67439,517,1
14079,70929,1
53134,71111,1
88732,69385,1
15286,70968,1
74441,643,1
15525,5833,1
75172,69385,1
18495,3682,1
462,6471,1
50190,6475,1
471,5971,1
3614,70760,1
460,5334,1
106238,425,1
74424,70921,1
43588,502,1
50186,5503,1
33881,6428,1
103892,464,1
1615,1540,1
99439,6363,1
77602,464,1
33901,1540,1
90642,5503,1
74415,6363,1
98463,6428,1
50183,70267,1
88730,509,1
50758,6416,1
33890,5805,1
2229,70031,1
13147,70757,1
82980,5118,1
1624,70918,1
56970,4340,1
103895,70757,1
1583,70697,1
50758,5833,1
1643,2654,1
60153,70923,1
10495,38905,1
77724,1866,1
67443,70697,1
1799,6507,1
74428,6507,1
1604,5833,1
1754,5446,1
2081,5971,1
44930,1866,1
84244,466,1
312,6507,1
98478,70786,1
91165,6453,1
544,5971,1
103893,2654,1
2100,70697,1
67676,38905,1
56971,5170,1
1523,2688,1
97957,6509,1
66897,6428,1
82980,4372,1
74546,5345,1
73717,70097,1
2027,422,1
1878,1713,1
106716,6331,1
1777,5612,1
42773,410,1
32774,1714,1
13457,425,1
90797,2688,1
98083,509,1
1564,6411,1
1796,5612,1
452,70638,1
1583,3554,1
67433,69841,1
66894,2787,1
89741,4340,1
1761,3554,1
11655,5943,1
66896,488,1
106567,6331,1
1583,5787,1
38524,70732,1
8446,69492,1
452,5621,1
74435,70969,1
1894,6340,1
97959,39230,1
28949,3700,1
3834,1829,1
60154,6416,1
11653,3700,1
106240,6507,1
2038,5680,1
56967,5943,1
1570,70644,1
9670,1296,1
1587,70638,1
52882,5694,1
3140,39235,1
28804,39039,1
98082,967,1
74432,4393,1
52882,515,1
67438,4393,1
56965,6507,1
106236,6321,1
3139,5694,1
2015,70955,1
537,5869,1
46425,5395,1
16494,5938,1
67433,1866,1
1560,6475,1
1814,70031,1
11663,70031,1
542,5938,1
2085,5939,1
1589,586,1
78034,70928,1
75172,410,1
2084,5609,1
1813,2963,1
66896,69919,1
77832,705,1
532,5298,1
68583,5345,1
97598,69919,1
98747,5609,1
71702,5118,1
9957,3806,1
106236,488,1
72517,2339,1
101051,705,1
460,3856,1
106536,475,1
11368,39285,1
534,5612,1
2112,70918,1
56851,61180,1
14660,6410,1
84221,475,1
4315,5858,1
13144,2841,1
1794,70929,1
74549,70918,1
86417,649,1
33724,5805,1
77605,5248,1
59941,2770,1
74427,39234,1
1740,1296,1
98329,2054,1
52722,1592,1
98331,1296,1
106731,4347,1
18497,1638,1
18758,3554,1
106714,4347,1
60043,5239,1
32425,70780,1
16747,5876,1
32773,1638,1
84218,2045,1
1809,2770,1
2024,70644,1
51263,6470,1
60153,798,1
56856,5205,1
2101,1638,1
28800,70098,1
67931,39247,1
11100,70650,1
532,538,1
81585,5498,1
46265,5205,1
2708,5635,1
9960,529,1
1784,5636,1
2033,5635,1
31618,2318,1
79678,70636,1
18238,6336,1
526,1558,1
1900,70973,1
82757,4372,1
2082,5498,1
103967,5239,1
30743,1140,1
66999,5939,1
80855,5239,1
83610,70086,1
84038,2703,1
1195,1140,1
14425,3149,1
543,2611,1
2042,1049,1
11368,66967,1
11654,3806,1
16999,70650,1
2083,3149,1
1889,5748,1
38405,70784,1
1609,61180,1
88869,2707,1
47072,61180,1
2109,70632,1
11663,529,1
83923,2707,1
2014,66967,1
52969,5970,1
1901,5819,1
90641,5151,1
60156,39036,1
67000,70736,1
2088,5636,1
11653,5819,1
41231,70969,1
2091,5151,1
1280,70762,1
2229,5193,1
28804,70958,1
57193,5298,1
52665,6340,1
77504,70761,1
1574,5898,1
14424,5748,1
446,5552,1
109016,5303,1
10239,3701,1
2028,70958,1
321,70918,1
9955,5210,1
1625,1047,1
2041,70923,1
1822,5303,1
33923,5210,1
2088,386,1
2060,467,1
82252,6501,1
47066,475,1
29387,2392,1
74428,1558,1
98332,70097,1
549,1558,1
527,6410,1
29833,5722,1
32434,5248,1
98332,3774,1
1615,5248,1
97961,70774,1
74433,478,1
50182,5248,1
11370,5348,1
2709,1972,1
88870,478,1
91165,5902,1
82373,5289,1
85660,39283,1
109049,70932,1
1626,3764,1
60380,70773,1
73614,70734,1
60849,39232,1
3594,5977,1
106718,1081,1
15284,70773,1
1802,417,1
97338,1321,1
459,70636,1
83810,3764,1
1557,1321,1
545,2849,1
89015,5970,1
2042,5535,1
14372,546,1
4074,4347,1
77603,475,1
53225,70755,1
74544,70647,1
2017,4347,1
84217,3370,1
109017,70755,1
74547,3370,1
1764,5503,1
106715,554,1
33890,5572,1
2083,517,1
38405,5902,1
1629,70755,1
52969,3370,1
83870,70647,1
52614,5086,1
1599,70636,1
28642,6340,1
46343,5572,1
67676,1777,1
38524,5055,1
3592,68133,1
109023,6410,1
8902,70636,1
2229,5942,1
52884,1281,1
107674,70757,1
463,5621,1
1542,997,1
1541,5446,1
32424,997,1
2078,70640,1
1882,413,1
56970,5446,1
82500,70640,1
1569,4972,1
1196,649,1
1779,1829,1
561,70652,1
33723,3757,1
2024,4972,1
106724,3207,1
83870,422,1
41519,5313,1
106703,5070,1
67003,1047,1
74549,69492,1
107775,2035,1
106449,5572,1
1599,70734,1
109070,1047,1
445,649,1
56854,649,1
77505,5422,1
77725,840,1
9958,3806,1
77335,70774,1
59938,2392,1
2101,1777,1
56852,6363,1
8898,586,1
67803,6411,1
109001,478,1
2104,6363,1
2231,2985,1
77332,1777,1
33893,69385,1
107395,2963,1
107775,3295,1
2048,5977,1
60156,5422,1
67433,6380,1
90337,586,1
554,5422,1
1797,70920,1
477,6363,1
74413,3209,1
106406,2849,1
74638,1592,1
67000,444,1
2081,69587,1
1634,69587,1
107505,1713,1
31484,5946,1
118968,413,1
99496,70773,1
2095,70753,1
109008,2035,1
1825,1069,1
50191,1069,1
2014,2035,1
86150,5210,1
547,527,1
2230,419,1
46262,2054,1
56856,70751,1
1808,3149,1
474,70743,1
80855,70928,1
106715,2054,1
16245,70971,1
8901,70782,1
2040,39033,1
106280,38906,1
1871,39034,1
2710,38906,1
107388,5694,1
32425,435,1
56855,70959,1
1545,538,1
3833,529,1
109073,70777,1
110740,70777,1
52880,5248,1
66897,1089,1
1898,5248,1
11349,1089,1
122357,70678,1
107278,70678,1
109053,70788,1
88732,2486,1
99039,64783,1
451,435,1
544,2794,1
52720,71111,1
1641,69587,1
83735,467,1
74838,70013,1
77330,5992,1
28950,70782,1
77422,1047,1
59937,5897,1
10777,5151,1
82248,70637,1
326,5897,1
83869,1104,1
50237,1104,1
1752,39284,1
104049,1104,1
67430,70931,1
50918,5992,1
32426,2985,1
108951,5571,1
98464,39033,1
2107,505,1
53135,69587,1
8396,6411,1
32431,5955,1
84222,5955,1
1899,5551,1
13146,3764,1
469,5796,1
46792,5955,1
32424,70786,1
1545,5345,1
1811,3331,1
57094,464,1
114545,2777,1
1645,5858,1
77334,466,1
111092,69841,1
130537,1017,1
146018,5937,1
74317,461,1
119978,1089,1
97599,464,1
13457,1017,1
52567,70929,1
1736,70678,1
10777,70956,1
133806,5551,1
77603,1638,1
52567,1714,1
131772,70956,1
41528,70682,1
145416,39233,1
1899,6471,1
1804,70732,1
82499,70968,1
83810,6471,1
106725,66967,1
109069,5733,1
1557,3682,1
66890,5422,1
1743,3682,1
88871,5170,1
2016,70267,1
116196,5422,1
109060,70972,1
108958,6475,1
46346,5833,1
1900,71111,1
11659,5733,1
103965,66967,1
106721,5170,1
16245,6428,1
50184,71111,1
68583,70267,1
130960,5498,1
128138,502,1
3137,3592,1
1802,70760,1
131775,412,1
57194,6428,1
33889,70267,1
107674,5498,1
10807,3592,1
122212,502,1
470,5334,1
1630,1714,1
1777,5503,1
83870,412,1
31487,444,1
52782,5805,1
32446,70097,1
133951,70754,1
106706,1540,1
107278,1866,1
107404,5971,1
13801,1411,1
9958,70918,1
60849,6507,1
146106,70697,1
52568,5147,1
145571,6453,1
1626,5635,1
137770,1411,1
14660,2654,1
1818,5971,1
1568,4340,1
1539,70787,1
56966,5787,1
128228,38905,1
128330,5971,1
33886,1082,1
57323,502,1
57095,39283,1
28642,70640,1
1571,5876,1
1872,2688,1
13146,70736,1
147385,1296,1
82035,5876,1
1609,5612,1
84040,554,1
33899,5943,1
109029,69841,1
113528,1296,1
28947,2611,1
83874,70759,1
84220,1540,1
90337,69841,1
132711,1296,1
78034,2611,1
481,6501,1
106281,70681,1
128334,5170,1
73620,406,1
106242,70267,1
1521,3554,1
60047,4340,1
74364,2787,1
56843,2486,1
104052,6416,1
147121,70759,1
84039,3774,1
109027,798,1
137780,5869,1
32450,39235,1
3363,39032,1
16246,6321,1
3595,39234,1
109073,70086,1
131893,39039,1
106721,1082,1
67440,509,1
52614,39032,1
2039,532,1
32436,798,1
108999,3370,1
104111,509,1
107416,509,1
131778,39232,1
545,5805,1
106323,6346,1
137886,6475,1
74418,6348,1
145369,70267,1
137768,70644,1
107416,5956,1
2708,509,1
103963,39282,1
131788,3554,1
81119,69919,1
83810,70928,1
1643,3757,1
11976,435,1
458,643,1
52888,5612,1
2073,61180,1
28798,5518,1
1539,70923,1
26797,38905,1
85659,6410,1
78372,5118,1
11663,2841,1
46343,70784,1
106703,475,1
131773,5935,1
1768,39037,1
1615,61180,1
9938,6410,1
474,5609,1
448,475,1
1556,3554,1
10807,39234,1
13459,5552,1
151895,586,1
149997,70644,1
82250,6013,1
15285,1714,1
552,2777,1
82500,5552,1
83612,705,1
1813,39285,1
77504,5966,1
88870,5205,1
74550,5876,1
31618,3350,1
1803,5205,1
557,2318,1
109024,5248,1
130456,6475,1
3596,70761,1
107403,70930,1
151292,70761,1
84222,2770,1
84217,65012,1
98604,6501,1
146805,70739,1
2015,5334,1
2587,70973,1
1580,5552,1
109071,3592,1
53136,5939,1
28950,2045,1
106582,70787,1
29534,69385,1
38632,3592,1
106238,2770,1
41521,70636,1
10216,554,1
137778,69385,1
32422,70636,1
106715,70958,1
74433,65986,1
2034,70736,1
78396,6331,1
130732,1829,1
13141,5008,1
151173,70932,1
1602,529,1
13169,1829,1
106716,798,1
1798,70932,1
73618,6331,1
67442,5869,1
147105,5635,1
47064,70632,1
104441,5869,1
1597,1936,1
50863,5298,1
1781,6509,1
104111,5395,1
109071,70761,1
103962,5621,1
146906,5498,1
11655,70958,1
3156,414,1
47064,1281,1
128337,6501,1
28946,5289,1
146027,2688,1
2234,5733,1
8446,5210,1
147009,5551,1
1790,70097,1
28800,5943,1
8397,510,1
15764,1411,1
465,70743,1
146107,5988,1
28801,510,1
47623,70774,1
52889,1411,1
132711,70774,1
8447,6410,1
2078,615,1
152014,3856,1
28799,5748,1
128338,5722,1
109005,1558,1
8646,70644,1
109046,70788,1
1897,1972,1
128228,5289,1
9668,39232,1
1759,39283,1
80730,70086,1
147192,5680,1
28800,70732,1
133542,3700,1
1800,3701,1
1736,5519,1
2104,5086,1
74422,5833,1
57190,1972,1
13142,1936,1
131897,70097,1
2036,1321,1
32449,461,1
74544,3700,1
540,3682,1
3364,5193,1
97599,5535,1
130500,1777,1
83760,1411,1
104480,5498,1
1615,5535,1
1556,70924,1
46430,5535,1
15286,70754,1
151067,475,1
109623,596,1
13456,70754,1
1816,6340,1
46510,554,1
83449,2849,1
57456,2841,1
51958,6346,1
1592,2654,1
77422,5988,1
97600,5503,1
47075,70753,1
109068,5722,1
106240,2654,1
1874,5902,1
90338,5942,1
80858,2707,1
104050,6321,1
2710,5977,1
38632,70636,1
109050,5748,1
46510,39282,1
52969,517,1
106718,419,1
33923,1081,1
46425,4972,1
138003,39039,1
133951,70968,1
52967,4972,1
1771,39039,1
109002,70762,1
47073,474,1
109034,70774,1
146102,413,1
78417,5134,1
13141,5313,1
112118,4393,1
47075,997,1
77196,1081,1
1627,70632,1
47069,2611,1
67435,1081,1
113959,2611,1
151231,1866,1
67429,464,1
84042,840,1
106240,5025,1
82250,5446,1
154088,412,1
152128,5025,1
108999,70734,1
13753,422,1
151292,464,1
133385,69919,1
74423,70930,1
329,70968,1
2068,2392,1
2075,1281,1
47070,70968,1
2069,5897,1
153226,6348,1
152984,546,1
1565,5851,1
41521,3806,1
2074,1281,1
33892,2392,1
108955,2035,1
3590,5858,1
1817,70774,1
1767,70678,1
114545,474,1
98477,39235,1
151067,1321,1
84037,3558,1
67429,474,1
1640,70678,1
1195,4972,1
103965,586,1
32433,586,1
119676,6013,1
52561,70972,1
33891,3207,1
151971,517,1
151170,2339,1
67443,5193,1
109043,70734,1
109043,5819,1
1746,3295,1
146111,5205,1
152064,6505,1
131779,39285,1
1556,3295,1
137886,1069,1
154996,1069,1
1198,5966,1
89741,1140,1
151979,39230,1
3597,1656,1
11976,1656,1
137769,515,1
109013,5210,1
46424,2318,1
130456,5946,1
35839,39247,1
151971,70753,1
111092,5946,1
52878,70958,1
10216,5313,1
1611,70098,1
74427,70753,1
151067,5313,1
137775,70697,1
97958,444,1
116197,5303,1
155959,5937,1
103963,5422,1
1598,417,1
46791,798,1
97958,70969,1
106239,417,1
33880,70969,1
46424,5722,1
82252,798,1
151225,5703,1
46264,538,1
103972,5151,1
155980,5193,1
1820,70755,1
1280,538,1
109033,5977,1
133805,70638,1
155957,5939,1
152075,474,1
74548,2849,1
1569,2486,1
137889,70928,1
109058,2486,1
157174,5086,1
52611,5086,1
145412,70678,1
109044,527,1
475,6380,1
155003,417,1
145416,70782,1
150493,70751,1
74431,70955,1
56857,1047,1
98462,70788,1
67676,70782,1
78020,5939,1
131779,39033,1
69010,70788,1
1629,546,1
41517,65986,1
52612,5348,1
52784,70775,1
20746,65986,1
1890,69587,1
104480,71111,1
2096,419,1
131033,5819,1
153499,2035,1
533,70931,1
119285,1047,1
83168,505,1
109070,546,1
52564,5898,1
77329,5313,1
130729,1540,1
145627,5694,1
11347,1540,1
448,5313,1
146809,1069,1
131034,70755,1
77723,65012,1
122624,70755,1
1758,65012,1
83873,515,1
56973,5946,1
107421,70928,1
109000,70755,1
15763,64783,1
109009,2486,1
109354,505,1
53134,70013,1
161300,3764,1
40273,5955,1
162587,70013,1
161858,5955,1
1806,70780,1
57066,535,1
160768,70786,1
109017,5151,1
103967,5796,1
68583,5151,1
158856,3764,1
1522,5796,1
111474,70786,1
109049,5070,1
89740,1714,1
155980,6507,1
147106,5787,1
150493,70267,1
160893,509,1
109055,5956,1
16268,1866,1
52567,38905,1
14662,70929,1
137775,5943,1
162959,3774,1
77723,3774,1
106242,5118,1
531,6428,1
130532,2654,1
107403,70732,1
137775,2777,1
32428,6453,1
41522,1296,1
82252,410,1
128336,643,1
1194,1638,1
51896,5518,1
3595,705,1
131772,643,1
122068,705,1
130456,39235,1
52722,39234,1
11346,38901,1
11349,6331,1
104315,6509,1
124424,70031,1
1199,5147,1
146102,5552,1
52970,70031,1
153667,5551,1
38524,1411,1
162957,70920,1
15764,5943,1
128135,70636,1
31486,1829,1
151169,1558,1
162137,1540,1
161429,3806,1
151170,3700,1
128142,70644,1
115739,5869,1
99422,39032,1
160520,3700,1
67436,3701,1
40492,6410,1
130540,39032,1
29387,615,1
73616,615,1
2113,66967,1
52971,70086,1
162137,70774,1
98747,39036,1
151972,39036,1
3595,65986,1
9161,39036,1
106703,3331,1
133809,3331,1
109022,3554,1
99422,5395,1
162956,5395,1
82391,5935,1
177096,39233,1
89740,6340,1
50237,6340,1
151173,5008,1
145413,5902,1
18497,529,1
165229,5621,1
155500,464,1
73622,529,1
77517,386,1
47070,5722,1
28945,5942,1
146100,2045,1
163156,6346,1
74425,6346,1
162764,5818,1
130664,474,1
97599,5748,1
130960,643,1
109073,643,1
43588,649,1
104254,70972,1
77328,5193,1
41521,5205,1
155071,3209,1
153514,5535,1
151175,1656,1
52886,997,1
32440,70652,1
151176,3331,1
185506,70681,1
109008,2841,1
77707,5954,1
74838,413,1
84038,5988,1
147385,3149,1
161300,425,1
46342,6505,1
109072,70930,1
30438,70743,1
82758,2794,1
77196,5703,1
98330,69385,1
176014,6501,1
162582,406,1
159232,5422,1
163779,6501,1
153290,5946,1
148018,461,1
183445,5971,1
46792,70921,1
32434,5289,1
67675,5210,1
80174,5298,1
109039,70736,1
137767,3295,1
133385,6346,1
60382,5858,1
82758,4347,1
74546,5298,1
109011,5086,1
67436,70955,1
103893,1777,1
122761,6013,1
106718,5446,1
109037,69385,1
138003,5086,1
74068,2849,1
56848,3350,1
50758,64783,1
77707,5289,1
145413,1713,1
106536,1047,1
103896,3350,1
128231,70780,1
133951,4347,1
109003,1972,1
130458,3774,1
131894,5966,1
109020,69919,1
162576,586,1
165087,535,1
183771,5298,1
51835,798,1
153501,1713,1
114469,1081,1
113394,5966,1
52784,5851,1
109040,5210,1
33895,3774,1
68461,70784,1
138001,70753,1
106705,39039,1
68461,4972,1
183735,70784,1
183768,39285,1
73622,39037,1
137776,510,1
153532,5503,1
161300,70784,1
183750,70931,1
41517,1540,1
85659,38906,1
151232,70754,1
153500,39036,1
146019,413,1
57065,413,1
155958,70086,1
40492,5572,1
82518,70775,1
176218,70743,1
153481,66967,1
52880,70775,1
109041,5680,1
155236,5572,1
72517,5303,1
106720,596,1
52882,5303,1
106449,69587,1
82268,2794,1
151170,70956,1
128333,5939,1
109016,4283,1
153499,1017,1
153590,4372,1
97600,70969,1
145365,5239,1
77335,70956,1
67444,70777,1
50556,5239,1
176015,3370,1
192630,70632,1
52888,1089,1
83870,2054,1
147213,425,1
152128,5946,1
104441,967,1
183410,2707,1
51263,2054,1
82490,5636,1
155708,5571,1
183749,5939,1
156736,70683,1
192973,70683,1
86417,5551,1
109049,70780,1
56968,1081,1
109056,5851,1
60152,70959,1
83760,70930,1
138001,70678,1
162420,1069,1
154999,5748,1
145571,61180,1
161429,3207,1
155165,5055,1
46340,5498,1
109010,5970,1
176018,2394,1
146200,5498,1
137779,5787,1
50556,70773,1
151169,69492,1
131186,3207,1
130664,70928,1
133042,70928,1
106730,5498,1
50182,5897,1
67433,475,1
73615,1069,1
183738,68133,1
73713,1104,1
163156,5055,1
46424,5134,1
131787,439,1
103891,439,1
185504,5248,1
155595,39230,1
52614,39230,1
151895,2392,1
176755,386,1
73618,70782,1
74436,5636,1
73622,39230,1
74414,3149,1
68461,70782,1
130677,467,1
154997,5134,1
165225,5422,1
195894,6507,1
196266,505,1
162139,70267,1
109018,505,1
52609,5956,1
178367,70640,1
85476,70267,1
195563,5334,1
77055,554,1
109026,70755,1
131035,5395,1
146202,39234,1
98082,70973,1
166844,5334,1
204244,6331,1
163576,6509,1
87283,5869,1
131788,3700,1
214138,39235,1
194179,6349,1
225467,70787,1
133154,5552,1
107405,3554,1
130598,5025,1
162575,5345,1
157832,39233,1
185507,68133,1
133951,1638,1
178473,5805,1
133807,5008,1
156392,39233,1
83895,1411,1
218553,39283,1
185503,6331,1
183720,70774,1
195481,70920,1
155072,39283,1
153418,39283,1
98475,3209,1
213608,70929,1
219823,3209,1
197111,5635,1
217956,5193,1
155689,2707,1
154486,6428,1
166366,6471,1
98892,6471,1
109002,3558,1
183750,1592,1
82268,5070,1
162135,997,1
106706,70972,1
131033,410,1
109007,529,1
195564,488,1
183723,529,1
218067,6321,1
152303,466,1
133809,70650,1
147009,3856,1
130500,461,1
98474,3149,1
106729,70924,1
196150,406,1
137778,61180,1
195564,2794,1
88730,5535,1
130731,461,1
82374,3806,1
162765,2054,1
128142,70759,1
195894,5422,1
202165,3806,1
147287,70759,1
98475,5422,1
77833,5942,1
146024,3806,1
74430,6349,1
195896,6013,1
128134,69385,1
82268,70918,1
82891,2849,1
119578,2849,1
156065,70918,1
151072,5446,1
185509,2849,1
133949,71111,1
147103,69919,1
157476,417,1
212862,5966,1
219824,1082,1
108954,6471,1
160994,2841,1
227755,69919,1
145627,6475,1
109009,70097,1
153516,649,1
191443,5902,1
200991,70097,1
151898,6475,1
89742,1558,1
107418,1714,1
197108,4347,1
131782,4347,1
215129,70753,1
131185,3558,1
195790,596,1
192624,3701,1
106724,2611,1
201555,5977,1
133418,70652,1
222173,70652,1
130459,5210,1
195896,5851,1
178367,5819,1
179940,38903,1
145410,840,1
90797,386,1
162136,1592,1
114469,70640,1
106236,5819,1
204449,39036,1
162584,5572,1
157219,70086,1
183428,840,1
224696,39285,1
192603,6453,1
106726,1540,1
227611,502,1
192797,39032,1
161299,5313,1
217846,502,1
165221,70682,1
81120,596,1
130455,3757,1
152985,39032,1
107421,596,1
163446,546,1
225607,5503,1
183736,66967,1
107442,3370,1
160641,3554,1
227569,474,1
185077,5942,1
150493,3774,1
78417,1866,1
165087,70931,1
107462,6340,1
122621,1321,1
183740,412,1
114545,5680,1
147106,5621,1
97338,65012,1
155250,5303,1
131788,70097,1
185001,5966,1
224608,70958,1
204243,70958,1
162574,649,1
230534,4340,1
155073,705,1
162578,5572,1
128334,2035,1
151234,649,1
122624,705,1
195790,70697,1
177756,5205,1
222173,6349,1
162588,5205,1
145410,39037,1
109001,70697,1
122620,2035,1
160638,39033,1
162759,39039,1
161299,6501,1
160763,39039,1
122624,5298,1
199714,1049,1
165224,6410,1
195552,5239,1
183673,554,1
165227,39033,1
151896,529,1
109069,1081,1
121785,2985,1
89160,69587,1
153510,1936,1
157476,39232,1
131897,2985,1
109234,517,1
113529,5571,1
97959,70013,1
131892,70697,1
157832,38903,1
227614,412,1
161991,2963,1
224608,4372,1
196265,1047,1
109011,4372,1
218551,5498,1
162764,2963,1
106725,2054,1
230509,70786,1
178365,419,1
133154,70786,1
106281,70678,1
145686,1069,1
212218,3856,1
109048,39032,1
106236,69492,1
163173,39039,1
131186,5970,1
155003,2394,1
154457,64783,1
202632,475,1
212216,515,1
165230,38906,1
128141,70031,1
196041,70638,1
222170,38901,1
230561,5055,1
177219,1069,1
224481,5787,1
122624,1281,1
130888,997,1
213014,70928,1
212209,2963,1
152855,70921,1
145414,5897,1
97338,5134,1
145366,70632,1
109047,5694,1
165225,5694,1
183720,70736,1
145516,70777,1
227945,5519,1
154500,475,1
154505,70777,1
195896,5955,1
212210,70928,1
155339,5955,1
103894,4393,1
196021,6380,1
119285,70647,1
157832,5248,1
199744,5992,1
131776,5070,1
194179,435,1
161577,5818,1
202598,5722,1
153281,5636,1
162585,798,1
222961,3764,1
221868,3764,1
192603,5942,1
160768,5151,1
177341,70773,1
177443,5151,1
227835,70632,1
215133,6411,1
212222,2392,1
204861,70959,1
133674,70959,1
185078,70782,1
227700,65986,1
195457,65986,1
218552,3207,1
213293,3149,1
106717,6380,1
131784,2688,1
145367,6507,1
145365,6507,1
146111,3774,1
154450,70782,1
231738,439,1
183739,5551,1
195481,39282,1
163172,39282,1
137773,70755,1
128229,70267,1
189938,70678,1
232129,5635,1
231724,4340,1
153281,38903,1
195216,70773,1
231737,6509,1
232627,509,1
232807,6509,1
230532,467,1
131787,5956,1
154500,1296,1
231663,70923,1
133420,70923,1
155960,6475,1
145414,70973,1
133951,6475,1
161568,5147,1
184057,410,1
227720,70921,1
237788,70921,1
195449,5943,1
183724,6013,1
227845,5422,1
192624,70732,1
228129,5248,1
213016,5988,1
178338,39233,1
183724,5935,1
230485,38901,1
162762,5025,1
191445,38905,1
152245,70972,1
202410,529,1
235996,615,1
236744,3331,1
128333,1829,1
120519,3856,1
151071,5733,1
230513,505,1
162759,527,1
231658,2794,1
195559,4340,1
130500,2703,1
242460,3209,1
236552,417,1
230494,5858,1
192586,6336,1
194636,5902,1
185508,3209,1
227801,1713,1
155956,6336,1
228145,2841,1
232617,5612,1
238762,39036,1
212862,1972,1
155005,6475,1
155339,3592,1
225360,461,1
227892,2045,1
194250,1777,1
219824,478,1
192610,5612,1
232337,461,1
240906,3701,1
130541,478,1
178142,70743,1
183756,3295,1
196266,70760,1
160995,70955,1
199710,5805,1
219823,6331,1
153226,464,1
185511,70955,1
113394,39234,1
152984,70759,1
220824,70761,1
192695,5787,1
146024,5748,1
155980,3806,1
195790,39235,1
161858,70762,1
151234,3558,1
150407,65986,1
196149,65986,1
147193,39032,1
151169,1829,1
227848,6501,1
227847,39032,1
177757,6471,1
237323,1829,1
230535,414,1
204261,2318,1
131034,70780,1
201965,3682,1
183736,502,1
202165,70652,1
225361,3682,1
176019,502,1
247272,70652,1
196153,1866,1
247402,5680,1
232625,38905,1
131892,5518,1
246868,69841,1
227836,70761,1
224282,1089,1
201179,5535,1
153517,5518,1
183745,5942,1
241050,70743,1
145687,70652,1
230562,70930,1
212401,5313,1
191446,70682,1
137890,5571,1
203049,3350,1
183516,64783,1
154449,70969,1
224857,70955,1
212715,466,1
231667,1714,1
236016,538,1
183768,71111,1
137775,5977,1
151176,69492,1
151069,5937,1
239120,5621,1
184057,70697,1
153513,3774,1
176631,2794,1
130731,3774,1
192619,1321,1
246447,72603,1
241957,4972,1
247322,70754,1
237870,5937,1
191447,6340,1
200741,70734,1
172149,39039,1
133417,6340,1
133811,39039,1
230510,70918,1
215127,1866,1
236743,70784,1
198188,6471,1
196296,70784,1
133042,2707,1
230534,70784,1
194109,2787,1
166366,2849,1
130599,70775,1
147385,70638,1
195790,532,1
162959,5298,1
130384,70013,1
195047,39282,1
247586,70956,1
156856,39033,1
145685,1069,1
176418,6410,1
197409,6470,1
215128,4347,1
131185,5897,1
138003,3856,1
236496,70774,1
231692,38906,1
217846,39283,1
247484,5694,1
161848,2339,1
153361,596,1
221417,1069,1
236020,5898,1
231950,5898,1
227836,406,1
246810,70638,1
231663,2963,1
155960,70788,1
198188,70031,1
236540,705,1
238313,70632,1
177757,5313,1
183516,5897,1
192611,65012,1
201394,5988,1
213972,425,1
178338,554,1
192629,5519,1
227703,6453,1
161299,5055,1
236084,6453,1
253314,5498,1
176015,6346,1
253314,6346,1
230495,71111,1
194042,5070,1
231688,5977,1
201542,6340,1
204041,6380,1
192601,2770,1
246445,2770,1
230492,5946,1
145370,967,1
222171,1104,1
177443,69492,1
213337,5955,1
231658,2339,1
247266,39232,1
162955,5210,1
232377,5796,1
224616,70751,1
230495,68133,1
194106,5498,1
183814,5498,1
257442,39247,1
176013,435,1
231950,69841,1
212412,69841,1
151169,69841,1
231973,70782,1
183763,70782,1
156062,6380,1
176218,6411,1
165221,3149,1
183753,386,1
254800,70682,1
247735,2486,1
153512,413,1
247042,6363,1
231673,5170,1
248349,5170,1
264503,798,1
192800,1082,1
219963,5938,1
227699,413,1
147010,554,1
230492,70632,1
204243,39230,1
192611,70773,1
224614,467,1
227943,5819,1
247482,510,1
192612,5395,1
258784,5395,1
218429,5869,1
155072,5551,1
194250,5635,1
264517,5147,1
266492,5147,1
247277,70755,1
227698,1936,1
246805,5943,1
241047,4340,1
266185,70644,1
227614,5345,1
253479,39233,1
232615,70921,1
153481,5943,1
197042,2688,1
212204,6507,1
236316,6346,1
258785,70640,1
195591,3757,1
272289,2054,1
264651,2688,1
254500,5988,1
265580,70929,1
162762,3558,1
233577,3558,1
232377,70681,1
270295,38905,1
214296,5609,1
267678,38905,1
264504,615,1
231619,502,1
157476,527,1
177756,1082,1
233806,1592,1
183729,5025,1
202177,3554,1
197559,5876,1
224480,1558,1
198530,69919,1
257417,3701,1
225361,649,1
220386,70647,1
254797,3331,1
176117,478,1
233705,2849,1
195896,2777,1
266103,505,1
266367,2849,1
213972,3592,1
247286,5970,1
272683,39036,1
212219,39235,1
192858,70918,1
230486,417,1
270297,70918,1
248464,5248,1
201544,417,1
270309,5193,1
204242,474,1
253322,70955,1
247484,5954,1
236609,474,1
271509,3209,1
155595,5680,1
277175,5151,1
201179,70762,1
258787,1777,1
195789,5902,1
254736,69385,1
160995,502,1
240901,6321,1
246802,510,1
212220,6321,1
271508,70751,1
277930,3295,1
254346,3764,1
236030,38903,1
212203,38903,1
212225,70929,1
253317,5334,1
267469,546,1
267681,39234,1
238318,798,1
232620,5971,1
155071,2318,1
272687,798,1
202822,39234,1
156619,2318,1
227682,5971,1
277811,798,1
192609,2318,1
253306,38906,1
236019,70920,1
158639,70682,1
247274,517,1
247077,70682,1
201178,6340,1
238756,2611,1
230536,6340,1
178366,70755,1
197113,5977,1
233705,1321,1
254799,66967,1
177079,1638,1
202394,466,1
198358,70955,1
192801,6501,1
271346,2787,1
236316,70787,1
272687,70753,1
162591,70788,1
212716,5680,1
266538,5193,1
156737,70753,1
177219,1047,1
236012,5942,1
227945,70777,1
257455,4972,1
272845,3295,1
253317,70013,1
195551,39234,1
267258,39032,1
194476,5289,1
204863,6416,1
161568,2318,1
277705,4393,1
204040,2318,1
217956,505,1
197408,39032,1
183757,6321,1
212209,70918,1
248359,705,1
185077,69492,1
165221,1829,1
247846,1017,1
240903,70787,1
162957,1017,1
235998,5519,1
247758,5303,1
196149,6331,1
267258,6331,1
247270,586,1
183750,38906,1
232711,5552,1
270930,5939,1
230511,1656,1
224344,38901,1
236495,5694,1
192602,3370,1
221567,3370,1
212208,39284,1
246921,488,1
231658,6505,1
232695,5833,1
192695,2035,1
283679,70031,1
218681,546,1
266532,6433,1
266542,70786,1
236143,5858,1
257463,70956,1
258777,39283,1
227774,70956,1
264652,6501,1
212204,6348,1
236167,5858,1
232806,39283,1
266518,39283,1
192632,466,1
192603,997,1
257443,70637,1
230494,5703,1
236543,1281,1
217956,412,1
247228,1281,1
284944,419,1
265577,5025,1
238417,596,1
277180,475,1
178362,5954,1
213338,425,1
192619,1049,1
272841,406,1
224281,5966,1
278115,2394,1
228330,425,1
195562,70775,1
236030,70928,1
231711,1540,1
254353,1713,1
192629,2985,1
266518,406,1
254736,4393,1
258799,70788,1
199897,69919,1
247286,478,1
284948,5210,1
246893,38906,1
270431,5210,1
258780,5898,1
247483,71111,1
268197,70921,1
227682,2770,1
183769,5621,1
220676,2963,1
285195,39033,1
219583,6380,1
283349,6348,1
277395,39232,1
284109,70013,1
247042,1104,1
185245,4372,1
253301,5955,1
264508,5118,1
227930,4372,1
238319,586,1
266024,5694,1
220559,6453,1
232338,5946,1
215127,5498,1
248303,70959,1
280382,70959,1
266541,5970,1
220385,5970,1
197042,70777,1
253318,5151,1
266533,70736,1
204244,5118,1
224613,538,1
276309,6470,1
195551,70773,1
198530,5796,1
277175,2963,1
240903,70683,1
265800,5170,1
198358,1069,1
264511,413,1
236015,6475,1
247276,1540,1
212222,70697,1
231670,1714,1
189938,39282,1
270295,3806,1
232338,3806,1
210757,5551,1
271203,4340,1
276451,70732,1
277034,70923,1
272848,2392,1
283291,1936,1
255171,70682,1
213016,1411,1
271510,643,1
293117,3757,1
280490,2688,1
265579,70644,1
192744,2054,1
270431,5988,1
292381,5008,1
246891,6346,1
277815,3558,1
293007,3554,1
270675,2787,1
238638,5876,1
266609,70755,1
236606,615,1
218067,1592,1
277034,70755,1
204261,1296,1
291274,615,1
227569,1296,1
264411,5070,1
284941,5503,1
270292,1296,1
238313,70267,1
192616,5805,1
291235,5733,1
231972,65012,1
283295,66967,1
257451,3592,1
303396,5956,1
224609,70683,1
212398,417,1
292427,5422,1
247230,70923,1
238317,5869,1
192586,70632,1
204261,70782,1
253300,509,1
231735,2794,1
241183,70921,1
230490,70644,1
232032,2794,1
194107,70921,1
232616,70959,1
254351,5070,1
248360,6336,1
257419,6336,1
238314,70761,1
201179,529,1
303450,5572,1
227777,5956,1
267929,3856,1
292429,649,1
258795,70918,1
280278,68133,1
299811,529,1
277183,1638,1
241047,410,1
266366,1638,1
283297,2841,1
196152,39036,1
227701,517,1
283366,5869,1
236543,474,1
292383,1936,1
247267,39235,1
192620,474,1
197110,70732,1
192696,1777,1
230510,5897,1
303445,70929,1
283704,70968,1
292498,70086,1
292834,70650,1
292387,70751,1
195449,6509,1
230532,70751,1
257452,5971,1
277702,6471,1
231617,3764,1
299656,4283,1
254499,3806,1
231739,1972,1
238319,474,1
232624,39232,1
257457,39234,1
291052,38901,1
195894,69385,1
302414,5898,1
227839,5551,1
254345,5303,1
231713,6349,1
271854,4972,1
236016,5942,1
292710,4972,1
254737,4340,1
293250,2787,1
235682,6340,1
305844,70682,1
195896,6340,1
283437,70761,1
218553,997,1
194399,69587,1
227717,70784,1
266542,70637,1
232804,5851,1
241185,70647,1
194556,419,1
246978,69492,1
192623,1656,1
303397,1656,1
232715,70652,1
291059,1656,1
267470,6410,1
271956,546,1
237631,5303,1
196155,70636,1
239361,70930,1
238312,1592,1
248697,505,1
270550,4393,1
284828,5694,1
283916,1081,1
257425,39234,1
284487,1714,1
231617,6348,1
270301,5937,1
277034,6433,1
292433,70958,1
291057,1017,1
248342,39036,1
257441,1829,1
272087,1829,1
291515,510,1
192602,5939,1
231687,1017,1
219452,6340,1
280486,515,1
246892,515,1
225123,70097,1
224857,2985,1
257413,70739,1
295443,5858,1
226481,1281,1
215128,70955,1
270423,70955,1
202178,1049,1
246892,5519,1
241185,5134,1
306202,5134,1
308223,70734,1
214466,406,1
198188,5966,1
247077,412,1
247847,5503,1
280275,5503,1
284943,5954,1
259094,70013,1
268197,70755,1
265943,3682,1
265866,70755,1
247078,5954,1
246891,70632,1
231692,705,1
248938,70780,1
236011,5635,1
283683,705,1
204244,5519,1
201182,70956,1
266540,39283,1
270193,5635,1
249182,419,1
283438,2985,1
218184,5535,1
230495,466,1
292426,464,1
254345,70932,1
230533,5289,1
308301,2318,1
277131,70786,1
292381,1540,1
283916,6501,1
277389,5205,1
268296,5313,1
265944,70968,1
309541,5210,1
229740,6410,1
269931,70921,1
236540,5552,1
305591,5552,1
257421,2339,1
222170,70958,1
240907,2339,1
285195,5348,1
231688,5535,1
295443,840,1
285450,70774,1
232694,70784,1
248698,39032,1
230535,70774,1
277249,5025,1
309656,840,1
219824,6348,1
254350,5055,1
292901,70930,1
303447,967,1
246868,5446,1
308559,39034,1
267258,2054,1
303739,5518,1
247285,5946,1
317602,4372,1
283849,532,1
294522,1829,1
317291,2963,1
236013,5970,1
236744,535,1
267289,5298,1
247735,5818,1
283297,5897,1
231738,444,1
231790,70971,1
237788,439,1
283377,70775,1
283363,70959,1
247268,386,1
240898,70652,1
231735,39247,1
322178,39230,1
266104,39230,1
317287,70683,1
236745,997,1
248347,535,1
236547,70647,1
306262,3207,1
283346,5938,1
291516,70773,1
246805,70632,1
272684,5551,1
266542,413,1
270193,70777,1
266538,413,1
241363,3774,1
236084,70031,1
291654,554,1
291062,5147,1
224344,70736,1
257458,1104,1
299359,5422,1
257422,1714,1
266538,39285,1
283363,70751,1
270302,70732,1
314172,5147,1
326276,5147,1
321176,70678,1
330086,1069,1
272842,1069,1
224857,3757,1
308223,5395,1
232616,3592,1
228206,70682,1
323183,64783,1
277182,466,1
270194,2054,1
246949,538,1
231732,5943,1
303777,1082,1
284879,70924,1
316167,6411,1
241049,70640,1
247335,6346,1
266528,70640,1
253320,1296,1
247266,1936,1
313344,410,1
266023,3592,1
280274,64783,1
280604,64783,1
331001,5819,1
267093,5422,1
322340,5422,1
265581,38905,1
272844,69841,1
331484,5956,1
321457,5869,1
232902,5070,1
313545,5956,1
231738,6507,1
232714,39037,1
298211,509,1
280278,2841,1
295443,70761,1
322969,509,1
323072,5902,1
330562,5902,1
306330,70782,1
272692,5193,1
277712,2703,1
257420,70650,1
273722,3701,1
236053,529,1
227613,2777,1
284938,2787,1
243562,798,1
309885,38903,1
292833,1713,1
276752,6433,1
236534,3558,1
272847,70650,1
277817,1777,1
257462,3295,1
283916,1972,1
284941,3295,1
277929,70759,1
253315,39234,1
236085,68133,1
236535,38901,1
300596,70751,1
284537,3774,1
334766,2770,1
277390,3774,1
283503,38901,1
246949,2688,1
318749,70929,1
308386,4283,1
292453,70086,1
322813,414,1
246825,70013,1
236534,3209,1
228145,461,1
230565,6346,1
299809,70732,1
309541,5851,1
333925,69919,1
308299,4972,1
292379,386,1
291765,1321,1
236549,70973,1
323105,5942,1
280489,3856,1
309430,5898,1
292901,502,1
267161,1089,1
232619,70637,1
305552,444,1
292798,70636,1
238637,1081,1
331485,2394,1
305548,1866,1
276970,1081,1
284486,2703,1
238519,510,1
314408,70647,1
277395,5939,1
277705,5289,1
257460,510,1
341533,3350,1
303745,61180,1
325834,5612,1
304182,70762,1
264410,70734,1
331482,488,1
302413,6321,1
309655,39036,1
306473,425,1
323076,1281,1
313544,65986,1
280381,1281,1
272831,1829,1
277178,5571,1
321454,1829,1
313543,3682,1
270195,2787,1
292705,69587,1
313544,6331,1
231731,71111,1
331479,70929,1
280275,6340,1
334766,5636,1
326749,5851,1
340517,70930,1
272087,5703,1
299231,6428,1
334027,2985,1
334226,5313,1
265946,35934,1
284941,419,1
236001,70754,1
339326,1713,1
343282,5210,1
291607,5193,1
341729,6349,1
334023,70734,1
231666,70734,1
283441,69385,1
284538,69385,1
233258,705,1
277807,70775,1
266103,4347,1
232804,2841,1
305631,5535,1
322179,4347,1
339571,39283,1
252880,5289,1
272683,1321,1
270833,70932,1
321541,4393,1
292734,6453,1
326117,546,1
231690,6453,1
317289,5239,1
236386,5935,1
343169,1540,1
280278,70969,1
258797,529,1
345127,70788,1
283503,5008,1
266537,5833,1
322182,5313,1
304898,70788,1
331479,4393,1
343278,5498,1
343934,5446,1
321304,70971,1
236608,840,1
314469,435,1
334027,38906,1
292710,39032,1
339165,70098,1
277709,70098,1
343298,6348,1
232805,6348,1
303972,967,1
331584,65012,1
316692,2654,1
292381,5819,1
317688,70958,1
292379,967,1
231973,65012,1
266528,70958,1
333558,417,1
320477,70780,1
238636,70031,1
318746,5348,1
253306,71111,1
343159,2035,1
246810,1140,1
273173,1140,1
317360,5621,1
247077,3764,1
277704,5025,1
331478,5572,1
257432,70773,1
257429,386,1
257445,6470,1
232621,386,1
325745,6470,1
277034,5946,1
326791,2963,1
267161,70678,1
317289,70678,1
277820,5151,1
299810,39230,1
317288,5938,1
321565,5818,1
232713,5818,1
323074,5796,1
351375,5818,1
303744,1082,1
236011,386,1
266811,6428,1
368398,5898,1
351372,2339,1
292451,2339,1
293024,70031,1
331435,5345,1
364914,5345,1
331138,6470,1
284941,6363,1
326276,6363,1
317599,70918,1
283678,3370,1
349149,5938,1
303451,3207,1
334023,798,1
337974,70928,1
284942,70959,1
308296,70743,1
291053,39233,1
359235,5239,1
253300,6411,1
303441,5535,1
339661,439,1
272692,5551,1
375769,1069,1
266103,5551,1
283287,5636,1
258791,3806,1
271956,5988,1
380820,11405,1
380746,11405,1
321176,3592,1
325661,5395,1
247937,70924,1
341428,39282,1
313442,70098,1
353218,5805,1
375898,5008,1
365678,69841,1
283678,4340,1
253300,538,1
342832,39285,1
280489,4340,1
303742,538,1
352436,69919,1
309537,6416,1
295443,70097,1
258777,70751,1
313544,5552,1
341427,3701,1
381521,11405,1
306263,5552,1
323184,70924,1
351374,3295,1
349014,6507,1
343910,6509,1
325462,5956,1
265895,3295,1
359236,6507,1
364685,6509,1
277177,38905,1
308219,64783,1
247419,5733,1
341131,70761,1
375386,70968,1
317601,3209,1
335677,502,1
303745,3209,1
343159,70762,1
373693,502,1
280910,70972,1
306331,3350,1
267929,2703,1
266531,70972,1
303447,70788,1
325290,478,1
284040,5869,1
366318,70921,1
248580,38901,1
291200,2054,1
280276,527,1
380820,39284,1
246785,39234,1
266245,3209,1
280604,70920,1
277814,3856,1
347800,6471,1
314172,2611,1
323572,70732,1
303740,70784,1
322969,6505,1
317690,39233,1
304062,2654,1
318748,461,1
257426,2688,1
246808,70759,1
333555,70640,1
318749,70647,1
306475,68133,1
351377,5943,1
306257,6346,1
317285,2688,1
266024,505,1
283687,467,1
340308,417,1
308294,5609,1
277441,70734,1
303442,505,1
359062,5787,1
341533,466,1
360251,70734,1
318652,70969,1
350007,61180,1
306202,502,1
341228,2849,1
283289,1866,1
359223,70013,1
248276,1866,1
273311,1866,1
299212,70013,1
358576,39247,1
317598,39282,1
343529,5572,1
303814,70652,1
303441,2703,1
330650,5572,1
331139,39037,1
277390,5966,1
353413,70782,1
335677,997,1
293007,2787,1
321634,475,1
349026,997,1
317360,39036,1
380744,475,1
330650,5334,1
364683,422,1
351536,2045,1
292711,5876,1
290096,6349,1
253314,70780,1
272691,2985,1
283365,3350,1
380819,5851,1
283343,5966,1
351711,1829,1
265579,70638,1
341728,5902,1
283294,1081,1
362843,2394,1
284950,61180,1
291096,1713,1
343529,4347,1
384709,4347,1
325580,2985,1
338577,2841,1
370471,505,1
308305,70930,1
343163,1049,1
343300,70760,1
359896,2794,1
276886,5008,1
349009,5134,1
334140,529,1
283680,39033,1
326962,70774,1
303395,39283,1
277930,70754,1
363942,5748,1
375899,6321,1
337896,5748,1
276941,422,1
364913,2054,1
339497,6321,1
271509,70647,1
349023,5552,1
339079,4393,1
393434,5937,1
376154,1017,1
320885,419,1
321396,6331,1
306330,5298,1
341945,70955,1
349615,70955,1
341012,425,1
300437,4372,1
265144,39230,1
371534,5498,1
381145,70775,1
325566,5348,1
265866,70775,1
375389,70929,1
343298,5446,1
331590,5446,1
308225,5289,1
375916,70644,1
265867,69385,1
349613,2035,1
325894,69385,1
349150,70759,1
352252,5970,1
343275,5248,1
360072,5205,1
375778,5205,1
291273,5796,1
283283,1047,1
386491,71111,1
343754,2486,1
270345,6380,1
351238,5571,1
343272,705,1
349027,70098,1
283368,5833,1
343500,5298,1
383677,5086,1
341226,5946,1
392013,997,1
353413,4347,1
386746,5572,1
280279,5025,1
316167,70958,1
380899,5151,1
308385,70739,1
405466,464,1
339497,70652,1
270193,70652,1
392736,5635,1
334378,5025,1
317284,517,1
277183,967,1
292382,2392,1
334347,386,1
270422,38903,1
393198,5621,1
291273,643,1
341536,5955,1
404149,5519,1
360090,39034,1
325293,5239,1
365439,5239,1
271350,70786,1
313442,6475,1
308295,39233,1
292602,413,1
364688,2339,1
291097,3856,1
404149,70958,1
322976,65012,1
343170,5938,1
366522,3207,1
283503,3554,1
350673,70773,1
331001,70751,1
285197,70683,1
394256,3554,1
384624,69841,1
401843,5621,1
306285,70267,1
384672,5395,1
400605,70959,1
334140,5395,1
364686,39232,1
306552,2394,1
298211,5503,1
292794,39232,1
273007,5503,1
375389,798,1
375778,1638,1
380821,5008,1
412684,466,1
283766,3331,1
317286,4340,1
319297,5942,1
292393,70697,1
393748,5193,1
404007,5612,1
412650,69492,1
283293,1082,1
322178,474,1
405851,69919,1
366302,6416,1
292704,5055,1
313341,509,1
353235,5733,1
327503,69919,1
393747,5086,1
386669,5992,1
284827,6346,1
343445,643,1
339078,509,1
373692,39282,1
331485,5935,1
386415,38901,1
356496,3331,1
364562,38901,1
306783,70972,1
398810,6336,1
308386,3856,1
364679,70973,1
393079,3856,1
292428,64783,1
339194,554,1
299809,6507,1
409153,70732,1
284829,6505,1
322578,461,1
316271,6505,1
292708,2611,1
292386,2611,1
362843,6505,1
283848,461,1
293024,3209,1
347800,1714,1
343175,5956,1
305590,5942,1
331585,69919,1
284829,70787,1
343175,39234,1
354373,64783,1
341499,2770,1
292457,39234,1
293024,38906,1
284939,2707,1
290096,2035,1
333644,39232,1
360291,70762,1
320980,5956,1
283364,70753,1
283289,4283,1
330563,1777,1
294887,2703,1
284938,69385,1
341497,68133,1
339374,69385,1
291058,467,1
405120,70013,1
349018,3700,1
352435,3295,1
308385,538,1
308221,5609,1
322179,1321,1
330410,61180,1
324220,61180,1
343301,39247,1
404148,61180,1
339535,5609,1
316271,6501,1
394002,39235,1
317289,466,1
315276,6013,1
365352,1082,1
356498,70681,1
293829,2703,1
334026,5313,1
284826,505,1
404330,5942,1
294887,71111,1
384130,69492,1
294791,6507,1
338137,6340,1
317602,417,1
353411,70921,1
333825,5851,1
380824,502,1
394001,510,1
323572,527,1
404153,70923,1
284943,39284,1
393744,5636,1
292422,65986,1
412741,2787,1
393747,444,1
386410,3682,1
394256,39235,1
332070,475,1
284939,70652,1
292427,5552,1
321541,5552,1
322283,70931,1
412741,70637,1
292432,70918,1
404011,70918,1
359076,5070,1
409153,5902,1
309430,488,1
308386,2707,1
338680,70632,1
292392,2707,1
351383,39037,1
341227,70682,1
318998,532,1
341326,70774,1
386028,5345,1
305755,422,1
322283,5210,1
292526,1866,1
413456,4972,1
351555,6453,1
306782,2985,1
343272,6453,1
314469,6321,1
342012,5289,1
388557,70762,1
306329,1866,1
330561,39036,1
403406,5833,1
325288,1713,1
333645,70923,1
316584,70775,1
351715,2688,1
331592,5787,1
303399,2054,1
317519,3682,1
309535,2054,1
375916,35934,1
331591,39230,1
341227,5008,1
353804,6411,1
336156,39230,1
393745,6428,1
384842,5134,1
351715,5134,1
393077,2035,1
376687,2035,1
393745,3764,1
325577,6348,1
330651,5937,1
356874,5248,1
404153,70734,1
338390,70920,1
325285,70734,1
368323,1321,1
409255,65012,1
325574,2318,1
325285,2318,1
394571,2963,1
412501,2963,1
292525,70098,1
292393,3764,1
325745,70682,1
385909,5954,1
384732,5819,1
388555,5205,1
318198,2794,1
420130,5796,1
400604,6433,1
381268,649,1
384841,70647,1
412552,39039,1
322968,5151,1
303778,1540,1
400259,5086,1
363590,5205,1
351710,5086,1
403994,596,1
393749,3149,1
388920,1081,1
299810,6428,1
308387,2318,1
323071,70031,1
412739,414,1
327504,5977,1
383846,5722,1
334107,5572,1
404006,2392,1
323092,2392,1
354172,39283,1
317517,39283,1
366523,70086,1
321540,997,1
412796,2486,1
308299,70644,1
343909,70928,1
394575,70683,1
349874,70788,1
364890,6470,1
392732,39283,1
330563,3370,1
401085,70918,1
405120,39230,1
365353,6410,1
358577,70921,1
323074,70921,1
405752,439,1
376340,2339,1
341227,5345,1
349614,70751,1
333825,70780,1
403986,70958,1
338389,3806,1
349023,70968,1
306804,6411,1
339373,5938,1
341536,70736,1
308299,5938,1
330563,70760,1
380822,5943,1
405374,69841,1
331482,2963,1
309536,3331,1
370699,39034,1
326314,39034,1
418318,3149,1
331781,515,1
351370,70761,1
351556,70632,1
356313,5897,1
319076,70761,1
331001,474,1
359894,70097,1
303450,538,1
334022,474,1
351711,2777,1
343343,1936,1
315473,5571,1
342837,70644,1
400145,69919,1
381182,6336,1
308386,6336,1
388331,1069,1
412684,3701,1
343162,419,1
419606,1638,1
380964,419,1
356496,5551,1
343284,5869,1
338901,70678,1
343161,5869,1
315473,70928,1
403990,529,1
308554,70928,1
394575,5935,1
305551,70650,1
331589,3558,1
325567,3331,1
405850,1104,1
337897,70972,1
317363,39036,1
387216,38905,1
384747,527,1
343422,527,1
384785,467,1
305890,6507,1
343348,6507,1
384743,1321,1
331480,2054,1
321396,5055,1
423380,2394,1
384735,474,1
343140,1321,1
351384,5055,1
386839,39037,1
317690,6411,1
359236,68133,1
322182,69587,1
331001,69587,1
351553,39233,1
420193,5851,1
331483,64783,1
343423,5805,1
343297,5805,1
309430,5954,1
370699,66967,1
384848,1777,1
341131,5609,1
321566,3700,1
382083,3592,1
358580,65986,1
331585,70777,1
331139,65986,1
325295,70777,1
375532,5193,1
388794,70681,1
420644,5939,1
415483,70647,1
315473,5970,1
308302,2045,1
322514,69841,1
334223,5876,1
313343,410,1
325572,1321,1
351386,417,1
412796,414,1
392737,414,1
322965,39284,1
394254,61180,1
404955,6501,1
321177,39282,1
317361,4283,1
375532,39282,1
403998,3350,1
394116,39282,1
404008,5898,1
320976,5609,1
359078,5395,1
394273,5612,1
426194,2394,1
349026,5636,1
412501,70931,1
322968,444,1
325566,70743,1
349613,6475,1
316693,2654,1
343426,70086,1
392733,5939,1
401083,70959,1
388333,39234,1
334029,2703,1
318653,70774,1
394117,5966,1
425180,39234,1
327501,5851,1
423544,5748,1
340164,5703,1
387879,69841,1
420685,5851,1
331483,5703,1
318654,2985,1
401086,649,1
431930,2985,1
309537,70777,1
384742,6321,1
426951,517,1
351712,70638,1
313856,517,1
420225,488,1
419606,70650,1
315468,70782,1
321341,39036,1
313439,70682,1
433665,2054,1
318739,70787,1
325683,69492,1
405037,505,1
313439,39282,1
342923,70754,1
349613,71111,1
337896,840,1
334139,475,1
382016,71111,1
325804,510,1
325576,2654,1
383845,413,1
323072,5210,1
394001,2688,1
404330,6380,1
364683,5210,1
384707,425,1
318997,6013,1
347668,3806,1
433174,35934,1
342841,3764,1
322975,70932,1
364691,840,1
412693,3700,1
384624,1829,1
339915,2339,1
394572,6340,1
322355,5008,1
394576,70754,1
331491,5819,1
343195,527,1
433674,5248,1
340308,6471,1
364687,410,1
433404,1281,1
412646,2777,1
394255,2045,1
365588,70920,1
404149,5151,1
401084,5446,1
365587,70681,1
399740,70955,1
423850,70955,1
388334,5748,1
351371,38906,1
403988,5796,1
339167,39032,1
420125,2794,1
343173,2963,1
376574,967,1
418605,967,1
394398,422,1
342212,70773,1
349744,5954,1
334139,1656,1
364889,70775,1
377085,70775,1
434679,70929,1
418410,70775,1
399740,798,1
333783,5503,1
375662,70647,1
404001,5937,1
347668,70678,1
342834,840,1
384130,5572,1
339278,70098,1
349021,5858,1
386936,5519,1
380966,5858,1
393078,5519,1
323572,6363,1
375531,5818,1
384737,967,1
392811,70971,1
375390,532,1
423386,5937,1
386381,70958,1
325579,5635,1
364687,70734,1
420685,414,1
433678,1089,1
404618,5134,1
364690,5210,1
331591,3757,1
351538,70918,1
364892,70918,1
359067,3757,1
380987,70921,1
327501,6475,1
343195,478,1
365590,2794,1
377085,2963,1
443657,5313,1
349014,435,1
340091,70632,1
393200,70013,1
404001,70267,1
364912,5086,1
384628,70777,1
403997,70683,1
419426,466,1
405375,70924,1
363402,596,1
330663,70644,1
412693,5193,1
394275,5722,1
343173,464,1
351384,5621,1
392845,39034,1
384781,3370,1
381223,70760,1
392731,1081,1
394420,5571,1
343421,5147,1
433722,5571,1
364890,5147,1
419390,70097,1
434971,5955,1
402988,5946,1
343421,70632,1
420008,1540,1
376824,4372,1
423379,39285,1
343444,1069,1
435158,5858,1
349027,643,1
358581,3331,1
381793,5869,1
343448,70931,1
358017,509,1
359236,70736,1
338295,412,1
339326,39233,1
385967,1638,1
334224,643,1
343285,1638,1
384131,6507,1
403990,5942,1
375532,70924,1
403991,5938,1
383846,5966,1
447128,5935,1
351371,5422,1
337898,2777,1
426107,5612,1
403407,39285,1
359896,5070,1
433171,4283,1
400724,2054,1
433665,4283,1
442048,3207,1
386711,70637,1
375383,70753,1
388916,5498,1
405752,6505,1
448799,70697,1
342922,5503,1
383846,2794,1
341538,6428,1
386151,38901,1
441973,70697,1
404002,2849,1
438107,70098,1
433664,502,1
376046,798,1
341535,4283,1
434766,406,1
380970,5193,1
423386,70650,1
412807,6336,1
447014,5193,1
448871,615,1
353804,5796,1
386743,70921,1
409153,3295,1
360251,70784,1
341428,5876,1
384747,70755,1
449097,5970,1
405374,5170,1
386492,1777,1
434675,5805,1
386191,2707,1
356498,3856,1
405850,3856,1
359896,2045,1
383676,6501,1
447193,1592,1
343280,1592,1
381182,3350,1
343195,5898,1
448942,70647,1
417321,70652,1
447127,5609,1
422696,70652,1
442049,997,1
363943,38906,1
417321,70918,1
384732,1411,1
392811,3558,1
433662,5694,1
419436,467,1
356498,5551,1
349025,6416,1
423618,467,1
446637,414,1
423379,5395,1
384707,5572,1
443667,5395,1
394119,70681,1
413024,70761,1
359066,70782,1
404618,70632,1
434673,5609,1
342835,38903,1
364920,1104,1
384785,5703,1
359553,3558,1
442009,6505,1
375388,517,1
342834,39234,1
404153,5303,1
376824,2703,1
343449,5552,1
423381,4340,1
343277,474,1
399740,2611,1
412793,2054,1
381225,1082,1
431931,6509,1
448800,6509,1
381871,70969,1
386936,840,1
446688,5966,1
349873,5334,1
404012,3856,1
381179,2654,1
358582,538,1
435158,70784,1
386409,538,1
354001,2985,1
420130,5210,1
433664,1281,1
417321,3764,1
431957,70774,1
404000,1281,1
370471,3806,1
380821,5552,1
395662,5787,1
404006,70969,1
393201,61180,1
349875,6340,1
434734,5134,1
364687,417,1
447127,532,1
350412,71111,1
412499,1049,1
419606,5348,1
442103,3682,1
447196,5946,1
406578,70786,1
404153,70636,1
412685,39034,1
380821,5535,1
420130,65986,1
394420,70757,1
394575,6331,1
423385,39282,1
352622,5503,1
388559,70637,1
447194,2339,1
405392,413,1
405037,1656,1
433679,39230,1
393743,5498,1
449072,2318,1
360072,39032,1
384733,425,1
449097,2841,1
447386,5935,1
359235,5348,1
443669,2794,1
359077,3554,1
434999,5008,1
433664,5518,1
442103,38903,1
412851,70682,1
419390,70955,1
433404,5446,1
412908,505,1
381313,70920,1
376045,70734,1
435300,2787,1
386937,70930,1
431954,5694,1
405559,5694,1
412500,2787,1
393746,70739,1
404064,2985,1
420129,798,1
448940,5955,1
433666,5955,1
450312,65012,1
359894,5118,1
418239,5572,1
406578,1140,1
384744,39033,1
386841,5833,1
442008,5298,1
442050,840,1
438805,5635,1
388918,5992,1
418347,70775,1
449908,6507,1
401086,1558,1
392961,413,1
384744,1140,1
380821,39033,1
376152,70755,1
442105,70098,1
401083,1017,1
404148,69492,1
434675,6380,1
420126,70773,1
419701,5025,1
419700,70759,1
402987,532,1
403987,1592,1
395762,5680,1
387216,6475,1
447130,2963,1
451167,70958,1
385967,5818,1
433356,3295,1
404010,5818,1
387122,3295,1
404004,1047,1
434676,5970,1
403989,6453,1
404953,70013,1
446640,3757,1
435157,515,1
450829,515,1
433662,70267,1
434824,705,1
383675,70267,1
414484,70774,1
412686,3370,1
394118,3806,1
433658,435,1
394118,2486,1
449340,5289,1
386492,39283,1
412793,5621,1
449097,5621,1
381871,39032,1
384672,5621,1
449909,464,1
404001,70777,1
419704,5977,1
385119,5193,1
401085,5722,1
449434,2339,1
447197,1936,1
403997,5819,1
384741,69841,1
448691,70632,1
394118,70632,1
446781,478,1
386742,70097,1
405466,419,1
448377,5239,1
434679,70788,1
388558,70097,1
393434,6411,1
423384,3331,1
433658,1069,1
404003,1713,1
394572,5680,1
388229,467,1
381225,70972,1
384628,467,1
386840,65012,1
393747,70972,1
435001,386,1
381145,70644,1
435299,435,1
434971,3149,1
412631,70644,1
415484,5612,1
450311,2318,1
434676,39247,1
404003,39285,1
392811,39285,1
393078,70924,1
419500,68133,1
405751,5869,1
443668,6346,1
447128,70753,1
394252,5422,1
404755,5943,1
412693,70753,1
433663,439,1
388555,69587,1
433662,6507,1
449908,5935,1
442049,39037,1
426194,439,1
446687,69587,1
458614,1081,1
405035,5897,1
441974,5946,1
431928,5193,1
384781,5210,1
383677,5636,1
384791,70031,1
394546,70762,1
447578,5334,1
394119,3207,1
448732,39036,1
407804,5345,1
420067,414,1
388917,419,1
446687,5571,1
448737,1558,1
386839,6505,1
403986,6505,1
458568,5055,1
388794,5988,1
412743,69841,1
459438,5988,1
455136,1777,1
397923,5733,1
442046,70921,1
412648,70921,1
424347,38905,1
418605,70647,1
404005,6416,1
404000,5551,1
393749,798,1
423545,70760,1
393750,70787,1
423790,4340,1
387217,529,1
388917,5805,1
415483,4340,1
435000,529,1
386936,70637,1
386151,70956,1
412693,502,1
418348,1411,1
458661,502,1
433404,70931,1
397836,3856,1
412633,6340,1
449340,70931,1
431909,61180,1
449434,5971,1
403403,5898,1
457662,2703,1
401086,5869,1
449910,38906,1
435001,2654,1
412647,70780,1
458546,38906,1
443669,4340,1
415484,70761,1
449432,1321,1
447194,70732,1
403995,64783,1
392827,2054,1
393745,1411,1
394275,5572,1
434680,6013,1
434733,5552,1
403407,5552,1
404003,70969,1
405376,1047,1
459299,5422,1
388334,5722,1
388920,5422,1
405035,538,1
405033,538,1
413456,643,1
433684,5313,1
448800,3764,1
394422,643,1
446641,70968,1
431955,5609,1
443659,538,1
404150,70784,1
442048,586,1
447194,70638,1
423380,413,1
435159,3774,1
412689,5055,1
394571,417,1
458676,70753,1
458874,5876,1
449286,66967,1
403988,5876,1
442054,66967,1
423472,4283,1
424094,6475,1
434681,71111,1
412807,586,1
448737,65986,1
431931,61180,1
424347,61180,1
450010,5703,1
441973,5703,1
419826,70734,1
442103,39235,1
423850,505,1
405559,505,1
433665,6348,1
435298,5070,1
459299,5966,1
442043,5946,1
457667,5966,1
435302,1089,1
418348,5395,1
459438,1049,1
401086,1049,1
447127,3350,1
463102,1049,1
442048,2841,1
450538,70959,1
443667,39234,1
420066,68133,1
404063,3350,1
426021,410,1
448731,5498,1
405037,5935,1
403834,410,1
404330,410,1
443663,1296,1
405655,39032,1
442004,1296,1
463335,4972,1
463073,5552,1
458677,5902,1
433657,509,1
418317,1656,1
400009,39230,1
434789,2045,1
449075,5939,1
458701,70930,1
404618,5348,1
433676,5248,1
443666,39039,1
463131,5446,1
434791,39282,1
404009,5210,1
458908,517,1
458678,6321,1
415483,39284,1
447578,70923,1
418194,466,1
463103,70929,1
458700,2985,1
405752,2035,1
463073,5833,1
462510,39283,1
442047,6410,1
433667,5210,1
426756,5205,1
463787,3774,1
466390,70932,1
463047,2985,1
447580,5796,1
419249,4393,1
404955,6507,1
434910,5992,1
458661,5977,1
418193,1017,1
412978,70743,1
447131,70971,1
449097,70971,1
457665,70743,1
435229,6509,1
464891,5748,1
463471,1140,1
463131,4972,1
463787,1140,1
423375,2794,1
466355,586,1
426021,6349,1
449077,6410,1
431909,6433,1
446641,70759,1
458953,532,1
466365,1592,1
433674,532,1
434765,5955,1
466423,705,1
434999,65012,1
466656,997,1
422696,5988,1
434850,3757,1
458675,5118,1
412687,5897,1
441973,6363,1
433677,2486,1
431956,39033,1
412740,5298,1
447580,70968,1
466577,70678,1
434791,70973,1
412686,70751,1
463642,70924,1
423385,2963,1
460780,1540,1
423695,1829,1
457682,6380,1
412694,6013,1
417671,1296,1
433681,1540,1
447317,2392,1
448734,70760,1
466370,38903,1
442049,6475,1
432095,3554,1
433723,6475,1
471052,5970,1
449434,1713,1
450010,1936,1
449163,1713,1
471028,1936,1
458571,5954,1
450538,5954,1
433672,5635,1
458676,5635,1
458514,3331,1
458430,464,1
466473,2339,1
464199,70929,1
417321,70644,1
466428,70972,1
466389,70972,1
412604,70644,1
448940,70773,1
426107,39285,1
443658,39285,1
447014,5612,1
435094,5170,1
466310,2394,1
471028,70086,1
459438,5956,1
412689,1069,1
466455,70644,1
433174,439,1
435300,6336,1
419707,70774,1
471038,5977,1
434675,70754,1
423931,70753,1
479286,1069,1
449073,70652,1
446740,70774,1
431984,68133,1
431956,5818,1
466360,5937,1
450829,70097,1
446686,5943,1
435302,3149,1
412978,5943,1
471039,5503,1
466563,70928,1
431956,515,1
449070,5070,1
466486,5070,1
442006,39034,1
424347,1081,1
473080,39232,1
420067,39232,1
466430,4372,1
416127,5498,1
433723,5345,1
457678,1321,1
463103,5008,1
462519,39036,1
466485,39037,1
471052,39233,1
467539,5147,1
446742,6501,1
466884,3207,1
435001,6505,1
446742,2045,1
458514,2045,1
431930,417,1
438182,2849,1
434682,1777,1
468393,70762,1
471039,6336,1
420262,414,1
463291,70736,1
419653,69587,1
457661,5988,1
446637,70918,1
438800,5937,1
458677,5942,1
463137,1592,1
467074,1592,1
443659,61180,1
420261,2054,1
423545,70787,1
447825,70959,1
449160,1972,1
459130,5239,1
458875,5869,1
433669,2770,1
471038,70650,1
433722,70761,1
466318,5086,1
419607,5086,1
447196,70782,1
433682,70780,1
466425,5170,1
449070,5055,1
433666,39039,1
420125,70969,1
423378,70969,1
447129,2703,1
433666,554,1
466485,554,1
435158,5086,1
434552,69841,1
471026,6013,1
483012,5609,1
433684,1281,1
433668,1411,1
463211,5609,1
482462,5422,1
466366,5851,1
450829,3209,1
458378,70955,1
435000,38901,1
466677,3774,1
463334,412,1
466336,3774,1
457736,3207,1
431930,413,1
433679,475,1
447825,475,1
448870,70753,1
446903,5876,1
438107,6475,1
484356,70757,1
423545,5395,1
433669,70732,1
463130,1638,1
466408,505,1
458677,6321,1
442007,70638,1
466517,505,1
443665,65986,1
423790,70788,1
488044,538,1
467300,70972,1
449433,5535,1
466513,4340,1
483606,1049,1
457683,6505,1
449070,6505,1
467300,70652,1
458614,70652,1
485386,6453,1
483016,5571,1
466358,5939,1
483705,461,1
484320,510,1
482454,643,1
466355,5858,1
457638,70743,1
467539,2339,1
467301,1321,1
438182,70757,1
466393,6321,1
443667,6321,1
447387,509,1
466362,70969,1
433683,1082,1
487615,3700,1
488044,70969,1
462516,5733,1
483252,1089,1
495743,1089,1
482957,5008,1
462519,70929,1
459298,4372,1
434734,39282,1
471034,6349,1
466334,39285,1
458815,705,1
458430,705,1
487898,39230,1
496476,649,1
466391,5446,1
483670,5694,1
433667,70923,1
483302,39232,1
483671,5519,1
466466,70930,1
466466,3350,1
433663,4972,1
461145,1017,1
479286,2035,1
463138,5966,1
433661,3558,1
435001,2486,1
442007,2841,1
448737,2985,1
458353,2794,1
458678,532,1
450829,5939,1
447130,70923,1
487611,5289,1
431954,532,1
449161,5748,1
457638,527,1
483075,5992,1
466475,2770,1
443661,1829,1
483654,39284,1
443665,5897,1
482983,70743,1
434552,5118,1
466362,997,1
458657,1866,1
497312,1089,1
484092,5313,1
446958,5446,1
434679,70918,1
495650,70932,1
433666,69492,1
466428,70267,1
467214,69492,1
465342,5205,1
483166,66967,1
488044,6346,1
433677,515,1
467539,6346,1
471030,70739,1
439027,5205,1
457661,38906,1
484615,70971,1
496074,5621,1
443664,5612,1
449162,6331,1
447577,5134,1
483072,5988,1
471031,2963,1
443659,70929,1
482982,3554,1
448801,3370,1
466429,3295,1
433204,70921,1
458614,3295,1
433679,70760,1
463166,6433,1
495743,1082,1
433667,70958,1
435298,1047,1
473070,70739,1
489742,1047,1
483219,1713,1
482537,596,1
467214,65012,1
483569,2392,1
466305,478,1
483786,39283,1
471031,1069,1
495849,70098,1
447315,1069,1
433682,5612,1
463174,5796,1
446640,3209,1
495650,5612,1
466542,5796,1
471049,6470,1
494781,5819,1
458675,5819,1
434824,5422,1
466303,39285,1
434824,70773,1
447444,39285,1
485386,39285,1
434765,1638,1
433666,4393,1
474066,5239,1
466423,5239,1
466359,5796,1
495735,5937,1
462522,6471,1
433663,70097,1
482454,70640,1
466368,70753,1
495190,70640,1
466361,39036,1
448799,5147,1
482460,5818,1
466359,70777,1
466407,5345,1
495949,5345,1
449161,3592,1
438947,2035,1
466363,6505,1
458570,5636,1
495304,5170,1
495077,2045,1
483665,5535,1
487467,5170,1
467074,39233,1
482520,5535,1
482957,5345,1
447825,5193,1
457679,39232,1
448800,70788,1
433171,5818,1
463787,70031,1
483257,435,1
443659,2688,1
462513,5955,1
463102,1972,1
448871,5805,1
483570,70647,1
467300,5805,1
466304,64783,1
495938,70959,1
458331,64783,1
484618,64783,1
449076,70921,1
471036,6340,1
446688,5955,1
483606,1411,1
466337,5070,1
466332,5070,1
466333,5055,1
483566,1069,1
447197,419,1
468608,444,1
466517,1140,1
495942,6470,1
463362,2794,1
433674,70918,1
438800,61180,1
443668,5313,1
463131,5086,1
457663,70267,1
495851,5303,1
469779,5303,1
485386,70784,1
483075,70972,1
471036,70739,1
463174,70968,1
435158,5869,1
494690,3700,1
463471,70753,1
483469,70650,1
473076,5636,1
466578,70682,1
449074,64783,1
468495,1713,1
466677,3149,1
515189,70638,1
446903,5971,1
483072,5971,1
462512,70955,1
466304,70638,1
496477,39235,1
458513,3682,1
467300,70787,1
482935,2611,1
466370,4340,1
442051,39234,1
487469,39234,1
457684,5609,1
442052,71111,1
466475,6348,1
482983,3295,1
458353,3774,1
447444,5422,1
466542,474,1
483141,70956,1
466332,5551,1
471039,39234,1
449069,2654,1
515187,2318,1
483016,39282,1
483095,517,1
462515,70652,1
450620,5635,1
464200,3764,1
466423,68133,1
495743,2688,1
487756,68133,1
466330,3701,1
446636,70743,1
484522,3700,1
449432,417,1
494478,5151,1
495947,5939,1
446686,4340,1
471047,70683,1
468269,410,1
483983,5210,1
466316,2394,1
495082,5898,1
466335,2841,1
449340,5787,1
495736,3764,1
442048,4340,1
466340,70734,1
466470,425,1
483142,70640,1
471036,5946,1
466369,5348,1
482520,70930,1
466883,70640,1
466514,65986,1
481287,5966,1
463335,39283,1
483118,70754,1
462511,70757,1
484615,1281,1
466485,488,1
458534,5876,1
495690,6348,1
482956,1017,1
462520,69841,1
442050,5519,1
515962,69841,1
449073,2486,1
458535,70759,1
466563,1829,1
488044,3558,1
467215,532,1
446686,70923,1
466406,39284,1
466393,461,1
458535,5858,1
483141,6363,1
484616,2794,1
495192,39230,1
487614,5977,1
442055,5572,1
466365,38906,1
442043,70086,1
475812,5833,1
467214,70920,1
447196,70678,1
495937,6346,1
466336,5205,1
494478,39284,1
494486,412,1
484615,5205,1
495744,5118,1
450312,69492,1
498781,5446,1
467302,69492,1
483468,1866,1
471027,70734,1
467213,461,1
518248,1972,1
458614,5939,1
488042,70267,1
455136,6331,1
483981,5935,1
483302,70751,1
463291,2486,1
483052,70751,1
516017,70647,1
466485,3350,1
482957,39033,1
484093,6475,1
483166,3757,1
496477,6475,1
495079,5635,1
466432,5298,1
519218,3757,1
482955,5345,1
487476,2770,1
475015,2963,1
495195,5205,1
466356,1089,1
461145,5025,1
466514,1089,1
466389,70097,1
465156,6433,1
462520,70973,1
487473,70924,1
519315,5621,1
488043,419,1
446687,6501,1
463249,4347,1
484091,5992,1
448871,70774,1
466303,2777,1
483569,3370,1
495740,1713,1
483303,70681,1
515985,70971,1
484092,70644,1
468003,70973,1
450620,39039,1
518331,38903,1
495853,4347,1
462515,6013,1
496417,38903,1
466333,2963,1
466432,2392,1
517870,66967,1
447129,5988,1
449908,649,1
466392,649,1
484094,6346,1
483669,6346,1
497312,35934,1
473071,38903,1
515204,798,1
464200,70098,1
483012,5937,1
462514,39032,1
466578,2339,1
483250,1017,1
484094,5818,1
447128,586,1
519035,2394,1
483045,967,1
517135,5636,1
466563,38901,1
483547,38901,1
466432,3554,1
463320,414,1
483142,70759,1
482456,417,1
518328,5819,1
460780,5498,1
466676,70773,1
448732,70773,1
483546,5954,1
495089,5956,1
515963,5748,1
447825,69492,1
448733,527,1
466362,6336,1
458379,475,1
516425,71111,1
515188,535,1
517977,6471,1
466343,5395,1
517870,1638,1
483668,70760,1
482955,1638,1
519322,505,1
515962,3209,1
515204,64783,1
466470,439,1
495073,386,1
529529,1411,1
457638,1047,1
460229,70637,1
487610,5055,1
519323,5055,1
466634,5345,1
495078,2688,1
495080,70777,1
466516,2688,1
531549,70777,1
482519,5955,1
495735,39232,1
473067,5748,1
495942,70932,1
473071,1972,1
475812,39036,1
458585,5535,1
495853,3592,1
481287,70678,1
462512,5977,1
518881,474,1
515969,967,1
463102,1829,1
515897,5937,1
531548,70647,1
464891,419,1
457661,386,1
531425,2849,1
483073,3700,1
457682,70682,1
468269,502,1
529601,39034,1
463174,1713,1
466431,70972,1
471051,70636,1
496477,5988,1
466427,2054,1
495077,70636,1
471028,3682,1
495075,1540,1
467539,2054,1
496074,1047,1
518182,5971,1
458430,5636,1
488687,1081,1
531625,6501,1
458351,1081,1
483251,4283,1
517990,1081,1
466301,4283,1
483302,475,1
516165,475,1
518117,5851,1
459130,69587,1
515965,1638,1
495075,1049,1
515927,70959,1
483669,70632,1
471049,70956,1
483606,69587,1
465430,70098,1
458585,70788,1
484617,39282,1
462513,70732,1
463138,1281,1
531555,69919,1
467539,70788,1
466656,70784,1
466482,2318,1
531625,70638,1
462520,510,1
466471,5876,1
475015,5334,1
482454,70780,1
531548,70786,1
529602,5938,1
483139,6501,1
487612,5805,1
458352,5395,1
531129,417,1
531421,5313,1
516016,5147,1
482983,5147,1
518117,70650,1
495000,2688,1
531550,554,1
482451,3209,1
471048,6349,1
529404,5008,1
457677,6416,1
495194,6470,1
496417,39285,1
473068,70775,1
496476,2707,1
496477,70734,1
473069,5946,1
482935,5025,1
519328,5446,1
487756,70930,1
519320,70743,1
462503,5025,1
483249,5571,1
529599,39039,1
513905,70956,1
483671,5503,1
458698,546,1
484356,546,1
531130,1656,1
471840,1540,1
501792,3856,1
495187,649,1
483046,649,1
516013,70969,1
462513,4340,1
466486,6321,1
484093,5348,1
471033,6321,1
466367,5348,1
463174,554,1
530443,2394,1
499142,2394,1
515882,70923,1
533053,705,1
466360,705,1
458378,509,1
466456,70636,1
466427,3558,1
494486,3558,1
483045,39283,1
483442,1829,1
466991,5977,1
482457,1714,1
531548,39230,1
531778,5977,1
483140,39284,1
483572,5551,1
531553,5518,1
458379,517,1
463102,5519,1
466424,532,1
458929,5551,1
519219,5518,1
519325,5902,1
498997,5498,1
496076,5205,1
466301,3700,1
495086,422,1
495945,70751,1
457662,6331,1
466484,2787,1
483255,2787,1
495945,6433,1
488046,70931,1
532193,70734,1
458677,5935,1
483249,1714,1
483568,3350,1
466455,70971,1
518250,6470,1
518946,70678,1
482983,5193,1
483606,425,1
501565,5572,1
531781,6509,1
515968,70097,1
487606,5876,1
529406,6509,1
464707,5733,1
482519,70013,1
496181,1017,1
487474,5621,1
466392,70924,1
462503,419,1
457663,4347,1
466673,2777,1
482457,1296,1
518253,5303,1
484615,1296,1
516013,4347,1
482450,6336,1
487614,5303,1
473074,3295,1
518251,3370,1
473077,3370,1
483046,1049,1
495192,70958,1
466343,529,1
529531,70958,1
515969,39032,1
458702,69385,1
466390,70743,1
494781,70775,1
518328,5992,1
532610,70931,1
464891,5988,1
461145,38903,1
519320,6013,1
517466,70098,1
482519,798,1
487474,2770,1
463787,65012,1
459298,5680,1
529598,70097,1
466329,70098,1
495745,4393,1
529601,6411,1
457661,6411,1
507809,5833,1
457683,5446,1
495077,2339,1
466475,5938,1
483667,35934,1
458972,1082,1
478235,70971,1
500389,5722,1
495187,70784,1
458873,5722,1
488912,70760,1
529600,6363,1
483072,840,1
531082,70681,1
519324,70759,1
518968,5193,1
495853,615,1
483287,35934,1
495304,70031,1
465095,2963,1
483705,5954,1
531548,515,1
466331,3331,1
458378,515,1
466517,5970,1
518944,69492,1
495851,3701,1
482452,5971,1
466884,478,1
466389,5970,1
466475,439,1
495086,70972,1
487611,3701,1
471028,5134,1
531420,386,1
483052,3700,1
516164,5703,1
495000,5955,1
495746,3701,1
543665,39233,1
495939,5134,1
543684,1411,1
516164,6509,1
490382,5422,1
484320,3806,1
495084,5170,1
495072,4372,1
487473,70777,1
542584,3806,1
494781,70918,1
495000,5422,1
483664,70031,1
515964,71111,1
483052,1829,1
471055,39034,1
543652,1081,1
483016,2849,1
466836,5147,1
515896,6340,1
543501,70739,1
495940,4283,1
471050,70732,1
495096,70956,1
543644,1321,1
466359,70732,1
529530,70681,1
507809,1972,1
466301,70755,1
543678,3207,1
529400,464,1
471026,5988,1
466364,3209,1
518941,70787,1
531627,5636,1
471048,70786,1
544090,1558,1
471031,474,1
466357,70786,1
466407,615,1
466423,1081,1
494923,6346,1
517929,65986,1
495947,6501,1
543684,5503,1
471031,410,1
466965,2849,1
466475,5898,1
