"section_id","user_id","up_vote"
1,37978,1
1,52,1
2,52,1
2,37216,1
2,38901,1
2,11566,1
2,38905,1
3,52,1
4,52,1
4,37790,1
6,52,1
2,37790,1
3,37790,1
6,39005,1
6,37790,1
15,39005,1
21,39005,1
24,11566,1
22,11566,1
77,11566,1
77,39036,1
96,38906,1
100,11566,1
21,39171,1
103,39005,1
101,39005,1
102,39005,1
98,39171,1
101,38903,1
99,39036,1
101,39036,1
110,39171,1
115,11566,1
119,11566,1
112,39247,1
116,39247,1
115,39247,1
117,39247,1
125,39275,1
125,52,1
123,52,1
114,52,1
128,11566,1
129,11566,1
126,39247,1
125,39247,1
127,39274,1
127,39247,1
129,52,1
134,39005,1
138,39171,1
138,39298,1
134,39298,1
146,39283,1
156,39005,1
157,39005,1
156,70130,1
168,39118,1
166,39118,1
165,39118,1
164,39118,1
165,11566,1
173,39118,1
172,39118,1
171,39118,1
147,52,1
60,52,1
179,39118,1
189,52,1
190,52,1
172,70166,1
193,52,1
192,52,1
191,52,1
193,11566,1
194,11566,1
190,11566,1
192,70130,1
195,11566,1
191,70130,1
192,70287,1
195,52,1
194,52,1
197,70130,1
206,52,1
206,53,1
204,52,1
209,52,1
208,52,1
207,52,1
210,52,1
214,70404,1
212,70404,1
215,52,1
216,52,1
214,52,1
213,52,1
212,52,1
218,52,1
219,52,1
219,11566,1
215,11566,1
214,11566,1
213,11566,1
215,70130,1
221,52,1
221,70371,1
206,70371,1
222,52,1
222,70371,1
210,39071,1
224,52,1
222,38060,1
219,38060,1
218,38060,1
215,38060,1
214,38060,1
213,38060,1
212,38060,1
210,38060,1
209,38060,1
102,38060,1
227,52,1
225,11566,1
227,11566,1
227,39118,1
233,39118,1
232,39118,1
231,39118,1
230,39118,1
229,39118,1
228,39118,1
227,70459,1
225,70459,1
234,39118,1
234,38060,1
233,38060,1
232,38060,1
230,38060,1
231,38060,1
229,38060,1
228,38060,1
235,70371,1
237,52,1
236,52,1
235,52,1
222,70130,1
238,52,1
6,11566,1
240,11566,1
242,52,1
240,52,1
228,38905,1
243,52,1
244,52,1
244,70582,1
248,39118,1
247,39118,1
246,39118,1
244,39118,1
243,39118,1
242,39118,1
235,70470,1
250,39118,1
249,39118,1
255,39118,1
254,39118,1
253,39118,1
252,39118,1
256,39118,1
246,53,1
247,53,1
248,53,1
249,53,1
250,53,1
252,53,1
253,53,1
254,53,1
255,53,1
256,53,1
259,53,1
261,53,1
261,38060,1
260,38060,1
259,38060,1
258,38060,1
257,38060,1
256,38060,1
255,38060,1
254,38060,1
253,38060,1
252,38060,1
251,38060,1
250,38060,1
249,38060,1
248,38060,1
247,38060,1
246,38060,1
264,52,1
266,52,1
265,52,1
263,52,1
262,52,1
261,52,1
260,52,1
259,52,1
258,52,1
257,52,1
256,52,1
255,52,1
254,52,1
253,52,1
252,52,1
251,52,1
250,52,1
267,52,1
274,52,1
273,52,1
272,52,1
271,52,1
270,52,1
269,52,1
269,70371,1
278,52,1
277,52,1
276,52,1
275,52,1
282,52,1
281,52,1
280,52,1
279,52,1
267,39234,1
280,38906,1
279,38905,1
268,38905,1
267,38905,1
266,38905,1
265,38905,1
258,38905,1
283,52,1
283,70725,1
284,52,1
284,11566,1
285,52,1
286,52,1
289,52,1
288,52,1
287,52,1
224,70461,1
291,52,1
290,70371,1
290,52,1
293,52,1
244,70859,1
293,11566,1
294,52,1
295,52,1
293,70130,1
297,52,1
295,39034,1
292,39283,1
294,70650,1
291,70650,1
296,70650,1
291,70632,1
292,39234,1
293,39032,1
297,39032,1
295,70638,1
295,70647,1
293,39034,1
292,70632,1
295,70683,1
290,70640,1
292,39230,1
296,38906,1
293,70682,1
296,70647,1
293,39235,1
296,70640,1
291,70678,1
291,39234,1
294,70636,1
291,39036,1
292,70678,1
290,70636,1
295,70636,1
296,39036,1
295,39036,1
297,70644,1
290,70638,1
296,39034,1
296,39032,1
297,39034,1
296,39039,1
294,39284,1
290,39032,1
292,70652,1
296,39283,1
297,70652,1
296,39284,1
291,70683,1
295,38905,1
295,39037,1
291,39033,1
290,70683,1
292,70682,1
293,39033,1
293,38901,1
294,70640,1
298,70827,1
293,39039,1
298,39037,1
291,39233,1
299,52,1
301,52,1
300,52,1
298,52,1
290,39233,1
291,39039,1
290,38903,1
295,39247,1
299,70652,1
295,70652,1
292,39037,1
296,39233,1
294,70652,1
303,70681,1
293,70644,1
294,39036,1
302,39036,1
297,38903,1
300,70678,1
302,70678,1
302,39233,1
303,70632,1
302,70760,1
299,70760,1
303,70736,1
302,70755,1
293,70736,1
306,70734,1
293,70777,1
295,64783,1
307,70013,1
303,70775,1
303,70780,1
309,70762,1
300,70739,1
293,70780,1
294,70773,1
310,70762,1
293,68133,1
306,70762,1
294,70782,1
301,70773,1
307,70782,1
309,70773,1
304,70775,1
294,70697,1
302,70930,1
295,70931,1
300,70697,1
303,65012,1
308,70787,1
300,65012,1
305,61180,1
293,70761,1
309,61180,1
296,70757,1
295,70780,1
293,70697,1
296,70753,1
302,64783,1
303,69385,1
303,70086,1
308,70739,1
307,69385,1
304,70086,1
304,70784,1
295,69385,1
300,70762,1
300,70782,1
298,70784,1
302,70736,1
293,70086,1
312,69919,1
305,70098,1
300,70777,1
312,70777,1
303,70031,1
306,69587,1
307,70031,1
297,70734,1
313,70734,1
313,70743,1
304,70762,1
298,70743,1
314,70924,1
300,70929,1
307,70751,1
296,70761,1
311,70751,1
295,70761,1
298,70918,1
294,70918,1
311,69841,1
308,70932,1
297,69841,1
305,69841,1
310,70267,1
306,38905,1
300,70013,1
296,39234,1
313,39283,1
314,70929,1
305,70736,1
297,70930,1
302,70647,1
310,70932,1
310,70640,1
307,70640,1
308,70683,1
298,39285,1
305,70640,1
304,39285,1
312,70640,1
294,70031,1
300,70031,1
299,70751,1
311,39036,1
314,70753,1
308,70753,1
295,65012,1
308,70754,1
310,70921,1
307,70921,1
301,70732,1
304,39032,1
310,39034,1
310,70774,1
314,70732,1
305,70968,1
303,39232,1
307,70683,1
298,70683,1
296,70754,1
312,39034,1
307,39034,1
295,39232,1
314,70678,1
300,70956,1
298,39232,1
314,39283,1
301,70956,1
303,70637,1
311,52,1
300,70971,1
301,38905,1
302,70969,1
308,70681,1
299,70681,1
302,70681,1
305,70920,1
312,70013,1
312,70956,1
307,70920,1
296,39037,1
304,39233,1
309,38903,1
299,70973,1
308,70973,1
308,39233,1
309,39033,1
313,70973,1
314,39033,1
299,70638,1
307,70637,1
298,70637,1
308,70644,1
312,70969,1
314,70739,1
306,70632,1
301,39037,1
302,70788,1
297,70773,1
309,70955,1
313,70097,1
302,70931,1
312,70697,1
307,70754,1
296,70636,1
312,70636,1
306,70678,1
314,70636,1
311,39247,1
306,39039,1
300,38906,1
312,38906,1
314,39039,1
310,39282,1
313,70638,1
302,70757,1
298,39282,1
308,70638,1
311,70777,1
302,70638,1
297,70013,1
313,70931,1
302,70777,1
302,70739,1
305,70918,1
302,70761,1
298,39247,1
309,70637,1
307,70959,1
302,70958,1
307,70762,1
299,70958,1
301,39032,1
302,70086,1
301,39033,1
301,70782,1
309,70780,1
309,70782,1
298,70932,1
311,70958,1
304,70932,1
301,70959,1
298,70959,1
307,70932,1
303,70759,1
302,70751,1
311,61180,1
301,70780,1
300,70753,1
307,70929,1
304,70267,1
306,69492,1
302,70267,1
303,69492,1
310,70777,1
310,70739,1
306,70650,1
302,70929,1
312,70929,1
308,70760,1
302,70787,1
308,39230,1
305,39230,1
309,70743,1
309,70930,1
298,70086,1
312,69385,1
309,70751,1
301,70755,1
303,69919,1
305,69919,1
298,70734,1
299,68133,1
307,70736,1
303,70921,1
304,70921,1
309,70736,1
313,69919,1
314,70640,1
303,70640,1
300,39039,1
314,39285,1
306,39284,1
299,70755,1
307,70759,1
307,70647,1
298,70754,1
299,70786,1
314,70784,1
299,39033,1
301,39233,1
313,70929,1
299,70267,1
314,70267,1
300,70683,1
310,70918,1
312,65012,1
308,70774,1
307,70774,1
310,70644,1
309,38905,1
298,70751,1
311,70787,1
314,70973,1
311,39032,1
310,70787,1
313,70013,1
313,70652,1
311,70031,1
311,39282,1
309,66967,1
307,70267,1
309,70761,1
310,66967,1
310,38905,1
307,38905,1
311,39232,1
309,39034,1
311,70732,1
309,70732,1
311,70757,1
307,70097,1
309,70650,1
310,38906,1
309,70697,1
315,70959,1
312,39037,1
312,70773,1
315,69841,1
315,70931,1
312,38901,1
315,70762,1
313,39232,1
313,39037,1
312,70086,1
315,39037,1
312,70931,1
315,70973,1
312,70782,1
314,70782,1
315,69587,1
313,70098,1
313,69587,1
313,70637,1
312,70644,1
315,70644,1
315,39235,1
312,70759,1
315,38903,1
315,70683,1
314,70683,1
313,70759,1
312,38903,1
314,38903,1
315,70788,1
315,38906,1
315,70732,1
315,70780,1
315,70636,1
315,39233,1
315,70786,1
315,70775,1
315,39282,1
315,39283,1
315,70787,1
315,70930,1
315,70958,1
317,70681,1
316,39232,1
316,70787,1
320,70267,1
320,69385,1
320,70921,1
320,39039,1
316,39039,1
321,69492,1
318,70757,1
319,39282,1
319,70971,1
315,70753,1
322,70751,1
323,39034,1
327,70751,1
325,65012,1
318,70959,1
320,39235,1
325,70959,1
303,70734,1
294,70959,1
323,66967,1
316,70968,1
300,70918,1
314,70918,1
324,70636,1
321,70098,1
320,70097,1
299,70098,1
321,39235,1
323,70775,1
312,70930,1
324,70632,1
328,39033,1
327,70929,1
312,64783,1
295,70920,1
316,65012,1
327,69919,1
302,70973,1
299,70972,1
320,61180,1
305,68133,1
321,70761,1
324,68133,1
309,70972,1
301,70921,1
299,70736,1
327,70921,1
324,70736,1
322,70031,1
308,70759,1
326,70773,1
305,70755,1
325,39033,1
318,70632,1
303,39234,1
307,70923,1
308,65012,1
314,70932,1
301,70955,1
299,39230,1
316,39230,1
309,70759,1
306,66967,1
319,70929,1
305,38905,1
314,39284,1
313,70632,1
308,70968,1
305,66967,1
297,70678,1
310,64783,1
305,70786,1
307,70734,1
253,70774,1
316,70955,1
314,70958,1
267,70739,1
331,70760,1
282,70682,1
281,69587,1
268,71111,1
273,70969,1
292,71111,1
280,71111,1
265,70734,1
333,52,1
304,39284,1
330,70928,1
267,39235,1
286,70683,1
333,39285,1
265,70774,1
294,38906,1
318,38906,1
256,39284,1
327,70396,1
327,70743,1
284,38905,1
278,69385,1
326,38905,1
288,38905,1
316,70786,1
333,71107,1
306,70773,1
325,38901,1
324,70267,1
302,69841,1
284,70647,1
281,69841,1
325,70086,1
317,38901,1
275,70931,1
322,70739,1
325,70647,1
306,70973,1
1523,52,1
31327,52,1
41521,11566,1
28948,70761,1
2035,70777,1
46428,70788,1
28799,70650,1
1579,64783,1
16022,70755,1
1764,70958,1
301,71111,1
329,71111,1
52877,70958,1
1592,70098,1
2014,70757,1
443,64783,1
47076,70921,1
46264,70644,1
2079,69841,1
32448,70678,1
547,69841,1
52880,70958,1
11662,70788,1
56971,69841,1
332,70931,1
308,70958,1
1804,69841,1
547,70788,1
52723,70929,1
1197,70931,1
13139,70751,1
9960,68133,1
1608,39036,1
1789,39039,1
1883,65012,1
50192,70638,1
13483,70736,1
15285,70647,1
52723,39285,1
1568,70640,1
3595,70774,1
52971,70013,1
2034,70644,1
1196,68133,1
2709,70086,1
3614,70930,1
50187,70782,1
2707,70918,1
20746,70773,1
46791,70782,1
2040,70743,1
536,70923,1
46268,38905,1
40493,39234,1
1756,70637,1
14402,70923,1
2100,69841,1
32437,70637,1
1808,69841,1
2060,38903,1
20746,70637,1
46268,38903,1
13169,70920,1
32436,70637,1
46342,70787,1
56970,38903,1
41524,70098,1
11659,70098,1
52880,70762,1
50182,70972,1
1193,70784,1
8447,70786,1
52877,70786,1
34111,70972,1
8903,69492,1
3592,39234,1
60043,70098,1
473,70969,1
52722,70683,1
2015,70973,1
1609,39034,1
9939,70931,1
1900,39033,1
1898,39037,1
464,70754,1
1781,70972,1
50190,70959,1
1799,70755,1
59422,70931,1
303,39230,1
1643,70923,1
47075,61180,1
1193,70636,1
1636,39282,1
1572,70931,1
1809,414,1
328,39230,1
9956,70636,1
1197,39232,1
1199,66967,1
46429,1081,1
52665,39232,1
2088,70636,1
57190,70267,1
1588,517,1
28800,39232,1
60154,39282,1
57192,69587,1
32441,1592,1
15521,69587,1
1821,39285,1
32430,422,1
1893,39247,1
474,2707,1
2023,70956,1
33995,70732,1
2029,2392,1
2059,2035,1
16268,1140,1
1813,4340,1
545,2486,1
50186,488,1
452,1714,1
1605,527,1
299,70955,1
1761,527,1
1771,417,1
537,70762,1
1740,2394,1
50190,4340,1
33908,70955,1
52609,2985,1
18238,474,1
2059,1714,1
11347,417,1
60848,474,1
542,70920,1
1751,3207,1
2230,70930,1
1607,39033,1
33889,2045,1
56971,478,1
319,70786,1
2033,3701,1
16746,505,1
557,2045,1
33880,505,1
56966,70775,1
61086,2045,1
38524,4340,1
4315,1866,1
1771,70681,1
32441,70647,1
31483,412,1
1800,39233,1
1607,2045,1
56847,70097,1
33880,412,1
52875,70759,1
2026,39233,1
30743,2035,1
32427,69385,1
52879,70638,1
13141,3370,1
2036,70638,1
1786,3806,1
28805,615,1
46515,70972,1
9954,3806,1
48949,70972,1
59940,3856,1
14662,417,1
20022,3209,1
50185,3856,1
56966,2985,1
2026,70929,1
16493,2318,1
1897,3701,1
561,2318,1
13139,1411,1
32434,70782,1
67433,840,1
322,1089,1
462,70920,1
534,39039,1
10495,70973,1
52568,1047,1
52723,2794,1
1279,474,1
9668,70754,1
1747,1558,1
3139,69841,1
52877,425,1
9955,474,1
57064,70640,1
33723,4393,1
16244,1540,1
445,70968,1
10807,2318,1
11976,70753,1
7981,38901,1
1823,1638,1
475,3757,1
307,2054,1
1781,70753,1
1768,840,1
60381,1936,1
46343,444,1
1816,70678,1
14662,4372,1
333,70678,1
4074,1411,1
46430,1936,1
544,4372,1
33883,386,1
474,1714,1
50918,2394,1
460,406,1
47558,39230,1
470,3774,1
17000,70637,1
11654,70773,1
32436,2794,1
52887,410,1
310,546,1
60154,2054,1
57193,529,1
2100,2688,1
60044,546,1
324,464,1
447,70787,1
299,70753,1
2096,967,1
48949,2985,1
11351,65012,1
1736,461,1
15306,439,1
1634,4283,1
71623,70753,1
478,2985,1
1776,4283,1
1764,532,1
481,413,1
52887,439,1
1575,532,1
28799,967,1
1821,967,1
453,967,1
43588,5395,1
1793,5395,1
57066,5303,1
1901,5055,1
46516,5303,1
536,5869,1
2087,413,1
301,386,1
14971,70968,1
3135,70013,1
1578,69587,1
8397,5345,1
11347,5571,1
2094,5498,1
2106,6509,1
53136,5635,1
73717,70971,1
1740,5694,1
50181,39037,1
60156,532,1
50974,5938,1
1631,5694,1
32444,5833,1
32432,5954,1
13457,5151,1
56858,65986,1
1741,5151,1
47623,649,1
15524,3757,1
2017,5313,1
46262,517,1
13145,5966,1
333,5289,1
1879,5609,1
74364,71741,1
1536,535,1
66891,467,1
9954,6340,1
74550,535,1
46340,414,1
73715,39283,1
10779,5518,1
11653,535,1
32447,5205,1
2709,39283,1
33882,5151,1
46267,1714,1
2074,1049,1
74364,52,1
67676,1411,1
15306,2787,1
1824,1411,1
2070,70928,1
50190,1936,1
2047,6363,1
1588,2707,1
66894,3149,1
13145,5703,1
77195,5897,1
1590,6363,1
1799,2054,1
3589,5897,1
31327,2777,1
77195,2394,1
1765,5703,1
9685,997,1
2226,70097,1
303,70968,1
2079,5796,1
8899,5248,1
67002,5694,1
13801,5858,1
32450,5552,1
28948,5694,1
77518,5992,1
303,2703,1
50181,5787,1
41524,4972,1
57094,5334,1
46791,5970,1
13482,596,1
1196,517,1
47067,4972,1
1199,4972,1
2588,705,1
1770,6349,1
20022,705,1
3834,6475,1
32431,5055,1
1891,5869,1
12077,5937,1
1537,5902,1
46262,5070,1
1822,5733,1
1896,5937,1
60155,5055,1
69114,5621,1
2067,3554,1
2035,5748,1
33900,70697,1
10216,2794,1
41516,2770,1
32432,5939,1
14971,3554,1
1784,6501,1
78020,71111,1
66890,5943,1
57193,6410,1
3591,6475,1
14425,515,1
77603,5898,1
77603,6363,1
330,5796,1
56854,5977,1
3362,70971,1
2089,5805,1
46425,502,1
33898,6410,1
74428,5025,1
16746,5248,1
1796,5635,1
10780,70971,1
1896,5635,1
73622,5070,1
60044,5535,1
28808,5635,1
66894,5025,1
66897,3856,1
11662,6505,1
80345,3856,1
40608,70650,1
47562,6411,1
60154,2841,1
73619,5937,1
1877,5977,1
2041,3558,1
529,5008,1
8903,5937,1
1874,65012,1
2025,6321,1
470,6348,1
77505,5955,1
46790,5086,1
33884,6505,1
1570,6348,1
2026,3856,1
28798,65012,1
74423,5518,1
10777,6505,1
8645,5518,1
73713,5070,1
1739,5787,1
12903,5787,1
9665,5818,1
328,5621,1
32431,6507,1
78765,5971,1
57094,5722,1
59939,5988,1
1786,5971,1
67433,1017,1
86417,5902,1
464,5988,1
74440,5955,1
73619,2963,1
550,1017,1
2231,5733,1
1573,1321,1
1775,1321,1
38405,3558,1
77272,6471,1
67002,5151,1
83168,419,1
32441,5170,1
1766,6349,1
90797,11566,1
67443,5298,1
1736,419,1
2066,5313,1
2045,4393,1
14425,5118,1
1797,6349,1
56855,6507,1
79678,5902,1
52719,5992,1
57322,6470,1
80989,5898,1
46346,5733,1
78396,5992,1
38404,5210,1
60041,5876,1
46430,5612,1
32439,2777,1
82957,5636,1
2706,5956,1
1779,5897,1
83761,435,1
479,5210,1
84036,70732,1
10779,5988,1
77602,5334,1
82499,435,1
1753,5535,1
1577,5796,1
1775,5722,1
46346,5819,1
56849,1321,1
57191,5298,1
2095,5298,1
2047,6428,1
60848,6471,1
2019,3806,1
16246,2777,1
73717,6428,1
32433,38906,1
10807,5694,1
50180,6428,1
1820,6470,1
20746,6501,1
56858,5147,1
1803,6470,1
57456,6348,1
46428,3592,1
1193,6321,1
73619,5805,1
77605,5519,1
1871,5008,1
15288,6336,1
14662,5897,1
1280,5946,1
464,5876,1
2072,475,1
457,5086,1
50180,6013,1
73616,5938,1
74544,5298,1
13139,3209,1
12903,5956,1
46430,5851,1
53400,510,1
17000,5680,1
1591,6470,1
52568,5876,1
3140,6416,1
14401,5935,1
320,5680,1
1773,6336,1
1521,6416,1
8898,5680,1
82373,5503,1
57094,475,1
324,5008,1
1879,2654,1
80855,6507,1
77332,6453,1
8897,5008,1
11658,5118,1
98479,6428,1
43077,6013,1
46791,6336,1
60153,3592,1
33995,71107,1
52611,3592,1
1803,435,1
82250,475,1
555,5876,1
2093,5551,1
9939,6346,1
52566,6013,1
66893,6013,1
2084,5551,1
57064,39233,1
83761,39034,1
1792,70755,1
15306,70644,1
1636,39034,1
52890,70757,1
538,71111,1
73618,70757,1
214,71656,1
316,70652,1
2705,39036,1
77196,39234,1
2101,70921,1
46791,70652,1
52890,70644,1
52721,70739,1
32427,70678,1
2037,70678,1
33890,70932,1
447,70924,1
106449,71656,1
67427,70652,1
33995,69385,1
50191,70751,1
47069,70924,1
59942,70751,1
1524,69492,1
106567,70287,1
2104,39230,1
40608,65012,1
57191,39285,1
2074,39247,1
80174,6416,1
1524,5902,1
74317,70786,1
1788,464,1
77422,532,1
88729,5345,1
1591,5988,1
1777,6013,1
33901,615,1
106536,5937,1
1791,466,1
67441,69841,1
28945,2703,1
1625,6336,1
1606,39037,1
106710,2787,1
8646,1656,1
106406,4340,1
16493,5519,1
2018,464,1
104048,70678,1
11348,2787,1
555,1866,1
29095,1089,1
11350,70929,1
1887,70956,1
1758,3558,1
67214,5298,1
103966,70678,1
33894,1656,1
74417,6475,1
552,1638,1
475,5636,1
40493,3558,1
13753,5551,1
2060,1638,1
80174,3558,1
52969,69385,1
51897,5303,1
33909,39282,1
83871,70968,1
1613,1638,1
8898,6475,1
106706,5935,1
539,3558,1
33888,2394,1
59941,69841,1
73713,70732,1
67427,3592,1
72517,39284,1
97338,517,1
91165,1714,1
33886,5348,1
103893,6428,1
10777,70972,1
103962,71111,1
9956,3592,1
28947,6346,1
1763,5348,1
330,6428,1
77328,70972,1
73713,71111,1
2111,70955,1
41523,643,1
83758,5348,1
33904,5971,1
16999,5147,1
33898,5503,1
106406,464,1
67931,70760,1
106406,5498,1
1597,6470,1
1892,70955,1
67434,2688,1
52971,3592,1
457,5147,1
28947,1714,1
77332,5498,1
66999,70787,1
90796,1082,1
14662,5956,1
32432,39247,1
33902,3700,1
9669,6349,1
52611,444,1
33923,39036,1
88872,5956,1
74549,70754,1
1622,412,1
3380,1081,1
33906,38905,1
1740,70757,1
1822,1713,1
16268,70650,1
77334,1081,1
13142,70918,1
46428,474,1
40609,5858,1
68663,535,1
540,70955,1
52616,6475,1
9959,6509,1
1894,5334,1
9957,70736,1
2033,6346,1
453,38905,1
458,39039,1
90796,6348,1
2109,70681,1
50974,70921,1
2026,6346,1
33887,2688,1
319,39039,1
106728,70640,1
3137,488,1
80731,70969,1
66889,70267,1
14372,6340,1
33895,5938,1
46345,488,1
56856,69841,1
2021,2318,1
60380,70267,1
57324,6331,1
41530,406,1
1197,5787,1
1768,5938,1
9957,5345,1
1556,2486,1
1568,5787,1
46340,69492,1
2101,39039,1
1633,5898,1
59943,70267,1
559,2318,1
1592,70739,1
15520,6505,1
18497,70086,1
106732,5898,1
2035,39235,1
32441,3774,1
32449,5345,1
84143,798,1
46267,5694,1
60379,39282,1
104480,3774,1
2067,70031,1
32441,5818,1
77196,39285,1
83028,39282,1
33906,532,1
320,70031,1
60043,3370,1
2093,5869,1
540,502,1
60848,798,1
15287,39232,1
77412,6471,1
1787,5818,1
1594,2035,1
66889,65986,1
67443,410,1
97337,39232,1
1645,5966,1
50192,6475,1
1789,6349,1
15306,5635,1
67436,586,1
1640,410,1
9666,5147,1
47065,3554,1
33909,3806,1
2710,5635,1
80345,586,1
104052,38903,1
56846,2339,1
42773,586,1
1889,5298,1
80729,5118,1
2226,6410,1
107390,649,1
543,5935,1
56853,5858,1
32427,5147,1
9666,5858,1
77605,439,1
7981,649,1
88869,5518,1
52613,5612,1
60381,5518,1
551,5552,1
106712,70929,1
1536,3554,1
67676,39037,1
472,65012,1
1195,3554,1
60382,2770,1
106706,2054,1
1614,70098,1
2024,2045,1
47065,70650,1
556,2770,1
2103,5876,1
1588,5876,1
1592,39032,1
66999,39234,1
454,70739,1
1619,5535,1
8447,6509,1
78982,5876,1
50237,39247,1
41231,6509,1
84036,39032,1
50655,529,1
74441,5609,1
103967,3701,1
2227,70739,1
2031,65012,1
1645,6505,1
74421,1558,1
10805,70932,1
38524,70761,1
74838,5334,1
107553,38901,1
1747,554,1
73621,4283,1
9669,5334,1
53137,2703,1
83869,6505,1
98340,70761,1
74441,5851,1
41519,70932,1
41658,38901,1
56853,3592,1
1752,38901,1
1805,5070,1
107277,1082,1
541,69919,1
18757,65986,1
98475,70784,1
103965,5748,1
28947,5070,1
99786,1936,1
106238,70650,1
1785,2611,1
2067,1936,1
29095,5869,1
9667,1638,1
57066,3149,1
2071,65986,1
52563,5289,1
107421,5869,1
77619,527,1
1737,6433,1
40379,3806,1
52567,2985,1
28800,2787,1
14661,5025,1
97338,70754,1
1637,2985,1
543,3757,1
11654,6340,1
98478,70761,1
88732,39036,1
84043,39033,1
77421,467,1
1637,5833,1
33895,5943,1
41524,4283,1
16999,39230,1
47066,39033,1
443,70762,1
98330,5943,1
66890,5170,1
46425,70097,1
56856,6501,1
32444,70762,1
15288,70097,1
46426,414,1
84218,2339,1
460,3350,1
1632,1281,1
475,3350,1
32423,997,1
60041,5733,1
1638,997,1
1587,6410,1
57324,3700,1
52666,70788,1
466,478,1
50463,5348,1
2059,70788,1
106717,1411,1
2033,3774,1
1198,705,1
52723,5988,1
1587,70920,1
9957,70924,1
106242,5876,1
107396,5954,1
10809,70920,1
98473,5612,1
46267,70968,1
1747,840,1
83810,5571,1
1787,6336,1
2030,5954,1
104253,70013,1
32442,1972,1
1879,39232,1
52719,5205,1
1558,39039,1
33883,1972,1
51264,3682,1
2036,70932,1
48949,3682,1
1740,5680,1
74435,5519,1
529,1081,1
67441,70773,1
46269,5898,1
319,5055,1
108997,1081,1
1545,70636,1
46791,1936,1
39392,1281,1
101366,417,1
1569,6013,1
67440,5970,1
10806,70097,1
50975,1972,1
1872,5970,1
2040,596,1
66897,596,1
10776,1081,1
77602,5134,1
2108,2654,1
33900,1081,1
32434,2654,1
1199,517,1
2088,5818,1
107416,70753,1
2089,6340,1
15763,5055,1
106728,68133,1
71702,6340,1
447,5395,1
46514,5086,1
550,70757,1
89015,5977,1
537,3856,1
11657,39282,1
67436,5621,1
26797,5025,1
60383,5621,1
57456,6471,1
2706,70736,1
56854,5025,1
108951,474,1
84044,39230,1
84042,3757,1
108999,3207,1
97959,70757,1
1797,2611,1
109057,464,1
543,38903,1
3141,474,1
52559,5954,1
11346,1558,1
51835,5070,1
468,3370,1
106724,5954,1
29096,5303,1
103964,5954,1
1886,5680,1
43588,5025,1
80856,70734,1
108955,3207,1
47624,6505,1
67432,69492,1
14401,412,1
3833,5970,1
74317,6470,1
15763,413,1
57191,1089,1
52561,70098,1
32423,3295,1
10239,6470,1
447,529,1
67429,997,1
2709,69492,1
52881,6380,1
2088,70930,1
74439,3558,1
109234,70681,1
77834,2392,1
11100,6348,1
57094,70678,1
59422,386,1
20746,6348,1
74434,70678,1
56851,70774,1
77604,3558,1
2014,474,1
47071,840,1
106725,2392,1
3589,586,1
57325,1321,1
56849,3209,1
52784,5680,1
482,586,1
33887,5966,1
2042,70972,1
88650,478,1
1811,70959,1
2024,70652,1
46515,69385,1
67430,5519,1
11349,2394,1
3593,5851,1
2061,535,1
109021,3295,1
56849,2849,1
109354,5055,1
74426,6380,1
1797,6380,1
47624,5205,1
74544,5819,1
88870,5946,1
66896,2339,1
109040,517,1
1795,1592,1
106730,2339,1
56857,70788,1
109002,1017,1
52614,5313,1
33723,517,1
32426,444,1
11660,69492,1
46790,70753,1
1815,515,1
33899,413,1
74838,5939,1
109002,439,1
77271,439,1
1810,419,1
50183,70751,1
1578,3149,1
482,70743,1
2085,70755,1
1798,2849,1
83735,2849,1
70876,70777,1
1630,5787,1
1594,70755,1
74442,38906,1
28799,70959,1
103972,38901,1
103971,2963,1
106725,798,1
52564,38906,1
73619,5193,1
74432,70971,1
53137,70637,1
41525,70971,1
79704,70678,1
2710,70780,1
60848,5086,1
28803,527,1
1622,419,1
2087,64783,1
1880,435,1
2036,64783,1
2076,2045,1
12862,5348,1
119286,1047,1
52884,5992,1
81586,510,1
1778,5897,1
85477,1069,1
1887,5970,1
74417,70786,1
1875,967,1
3874,2770,1
1741,70683,1
77724,5992,1
11351,5992,1
56857,5796,1
84094,3149,1
67443,2985,1
128134,5796,1
122212,5151,1
1880,2985,1
109006,70959,1
109059,5955,1
33895,70959,1
80345,3764,1
53138,3764,1
67803,68133,1
32442,1104,1
59937,5955,1
8903,70647,1
1766,70775,1
44825,70918,1
146099,5703,1
1621,70786,1
2708,70775,1
52720,532,1
67438,1089,1
134096,39247,1
89015,70678,1
128135,5636,1
128233,3558,1
8898,69841,1
3834,5935,1
73617,3558,1
4073,5298,1
46429,70678,1
52884,70682,1
74459,39284,1
1877,5935,1
59941,39284,1
109036,70682,1
111474,3558,1
97600,5422,1
9671,6475,1
130539,70759,1
103971,6471,1
123796,5833,1
9955,66967,1
2060,3592,1
1639,5422,1
1279,6475,1
137776,2794,1
461,70921,1
52562,6416,1
2027,1714,1
133811,70760,1
2092,464,1
67433,70955,1
117122,2688,1
18496,444,1
128335,5787,1
325,464,1
1572,70097,1
3136,5805,1
82746,5118,1
52559,70923,1
137766,5805,1
1584,1540,1
84094,1714,1
84217,70762,1
52616,70697,1
97958,1866,1
67437,466,1
106536,1081,1
47073,1713,1
15283,4340,1
59941,509,1
101260,70650,1
138002,410,1
109115,5971,1
556,38905,1
1612,5070,1
2107,6507,1
113394,5876,1
77328,38905,1
133545,5971,1
32444,69841,1
78765,412,1
13147,5943,1
28946,1540,1
8903,5819,1
52610,5943,1
52613,5938,1
1197,2318,1
46263,5680,1
82249,2787,1
133805,1540,1
32425,6505,1
128235,5787,1
1580,3554,1
9939,39235,1
104052,5680,1
151071,39235,1
145686,5170,1
1200,5694,1
52882,6321,1
9938,5938,1
114545,6340,1
15523,5694,1
133385,6416,1
82249,39285,1
326,6321,1
1757,6416,1
15287,6348,1
107420,5805,1
41521,5621,1
33894,5938,1
109073,3700,1
3592,6349,1
10807,5943,1
145416,425,1
1764,4972,1
89160,3370,1
146024,70682,1
109002,6346,1
446,5805,1
109028,3700,1
109038,70267,1
10780,70955,1
1644,435,1
471,5298,1
106714,70928,1
147191,70031,1
8397,5956,1
146024,3554,1
2587,70031,1
147215,6348,1
38405,5147,1
84222,3806,1
131771,70031,1
66891,649,1
448,4340,1
82035,6410,1
130603,3774,1
33889,5609,1
40273,5612,1
67431,70784,1
151177,586,1
1746,39037,1
219,72077,1
133805,1936,1
538,39234,1
74434,6410,1
107390,4347,1
14401,70098,1
145571,5345,1
1877,70098,1
130541,705,1
32422,5345,1
2016,5239,1
46345,5134,1
147559,39285,1
147385,5966,1
151172,2654,1
74548,5966,1
52724,6470,1
10805,5134,1
32422,1638,1
53134,5535,1
2076,529,1
83762,6475,1
104315,6433,1
74545,3350,1
11100,70973,1
145570,70739,1
77194,5609,1
98084,5851,1
57095,5239,1
52615,39032,1
323,4283,1
77603,4372,1
128332,6336,1
50236,596,1
40273,65012,1
33898,4372,1
113528,2703,1
130729,39032,1
52887,5939,1
146109,6428,1
83870,65012,1
18237,2703,1
91165,5876,1
43077,69919,1
1614,3350,1
98331,39283,1
109015,6331,1
106719,6349,1
81120,70650,1
107396,1140,1
41523,38901,1
107405,6433,1
83758,39283,1
9668,798,1
151172,1082,1
107462,70031,1
53135,2707,1
474,467,1
50556,1829,1
1750,5635,1
454,70031,1
145685,6340,1
16266,39234,1
97959,6509,1
89742,1936,1
1196,6509,1
33890,1049,1
109031,1281,1
67000,5943,1
59939,5395,1
51958,70761,1
33895,5635,1
146907,1281,1
84037,61180,1
97961,510,1
137767,70681,1
82878,5733,1
10776,61180,1
1765,6509,1
66891,3856,1
8898,6416,1
60849,5070,1
57324,61180,1
109055,5070,1
131772,6336,1
56850,478,1
107483,5876,1
130419,840,1
107775,5552,1
130537,5722,1
1612,70086,1
8645,5289,1
133806,70086,1
132711,997,1
16268,840,1
475,3856,1
2086,1017,1
13141,705,1
1599,39039,1
41658,39232,1
67436,70780,1
130543,5680,1
1279,70918,1
145368,546,1
107395,70923,1
113532,1321,1
444,70920,1
18236,5571,1
1876,6321,1
9939,70097,1
109012,70924,1
98082,5833,1
74853,70929,1
99038,417,1
466,5055,1
118968,70760,1
1902,615,1
69603,70647,1
147940,2849,1
8645,5971,1
73614,417,1
86417,70760,1
109024,70760,1
56858,3700,1
39109,5988,1
1198,5170,1
153284,70773,1
151979,3331,1
2706,5170,1
3363,6346,1
147212,6321,1
14661,39282,1
77195,5748,1
66999,39282,1
28641,2045,1
50463,5572,1
447,5086,1
11351,5748,1
8901,3856,1
152015,461,1
88731,70652,1
131033,70736,1
151898,70968,1
13455,39037,1
66999,5572,1
151228,70652,1
1892,70774,1
103891,5313,1
56855,5942,1
59942,70762,1
78372,5070,1
12077,5621,1
81140,2392,1
47065,70774,1
558,1656,1
46263,5621,1
106727,1558,1
147191,3682,1
146807,4393,1
1796,2787,1
9666,5025,1
70876,6336,1
52721,4347,1
2089,1558,1
46428,4393,1
153417,5248,1
103971,2703,1
60044,422,1
145517,412,1
147287,5025,1
74439,5942,1
481,70734,1
73716,840,1
2078,70682,1
151979,3370,1
2709,1089,1
1567,5025,1
2047,5303,1
153511,3207,1
145412,6411,1
104052,464,1
46514,1281,1
145571,5446,1
67429,3558,1
1563,5446,1
152130,5858,1
130677,5680,1
101260,5897,1
3597,5535,1
109024,5858,1
14970,5572,1
2068,5703,1
34111,70968,1
46791,5008,1
60379,5851,1
32444,3806,1
2233,70959,1
109015,3558,1
89160,386,1
108951,586,1
151068,70959,1
50183,5008,1
74438,1321,1
84217,3209,1
74424,414,1
130384,5966,1
33900,1047,1
109025,69385,1
1616,70932,1
145413,70734,1
47067,5193,1
15283,1047,1
30743,5819,1
74423,70972,1
29832,5193,1
1821,1592,1
109055,70734,1
53135,6505,1
78034,2339,1
52665,5193,1
83168,69385,1
13145,422,1
147009,1713,1
84037,5966,1
151069,5796,1
131034,1069,1
90797,5519,1
1577,69385,1
52666,2841,1
137782,39230,1
3138,406,1
146104,2339,1
67441,69587,1
41528,5796,1
1884,2392,1
2091,5055,1
1821,406,1
44930,3209,1
57322,2392,1
79678,5851,1
2106,6363,1
9954,527,1
57323,70647,1
130602,1017,1
47624,444,1
1539,2318,1
77334,2054,1
1567,406,1
83810,70743,1
120569,2794,1
1556,2394,1
77412,596,1
74436,444,1
3135,69492,1
1571,70958,1
2228,70971,1
52560,5694,1
84143,70958,1
1779,2394,1
74545,70930,1
151895,70930,1
51896,5937,1
1641,422,1
28641,70782,1
2709,70782,1
90337,5303,1
147559,65012,1
57063,798,1
106281,538,1
1642,65012,1
128141,2054,1
11347,3149,1
154499,444,1
106724,1972,1
11348,38906,1
153417,1089,1
146104,474,1
77724,70773,1
2073,39232,1
1557,70928,1
47623,1777,1
354,70777,1
78352,5946,1
11660,70678,1
32446,70777,1
56854,417,1
131890,71111,1
531,5086,1
1565,417,1
155000,70751,1
74434,5787,1
1742,527,1
131420,2045,1
106536,70782,1
28800,70971,1
154498,70632,1
74420,649,1
130537,70647,1
1890,70697,1
2084,70955,1
151233,70784,1
46338,649,1
109006,5348,1
151172,65986,1
74441,69587,1
152128,71111,1
16747,5134,1
131772,967,1
103892,1656,1
1280,38906,1
151225,505,1
158639,5151,1
98475,1069,1
104051,510,1
1595,5898,1
153404,5694,1
107390,435,1
162583,5571,1
13778,39033,1
130419,1069,1
153404,70086,1
73617,6380,1
131034,70757,1
145411,70931,1
50181,70755,1
46342,39033,1
107278,2985,1
74838,2486,1
13144,535,1
41528,6380,1
109004,1049,1
28800,5897,1
31485,5818,1
33889,967,1
1580,5897,1
50191,70959,1
106238,505,1
77271,70959,1
41524,2985,1
147104,5571,1
50917,70959,1
138005,2985,1
1873,70637,1
29096,5937,1
137884,68133,1
1874,68133,1
51897,5955,1
114469,5955,1
466,5551,1
176322,1104,1
441,439,1
83869,386,1
159232,3149,1
1801,464,1
152245,3592,1
77517,5345,1
107420,1296,1
176016,2688,1
176210,412,1
1574,69841,1
2099,6507,1
162591,509,1
74413,5635,1
153512,5956,1
10216,1866,1
31327,39234,1
77619,38905,1
107396,70929,1
8903,70682,1
108957,39234,1
47558,502,1
109006,5118,1
106706,70973,1
67437,509,1
14424,3592,1
1610,554,1
52666,5956,1
41521,2787,1
154513,6453,1
2044,5898,1
146907,70650,1
128225,5898,1
53225,70650,1
52665,510,1
164215,6475,1
39392,2770,1
145570,39247,1
109027,70031,1
1795,70097,1
60378,6331,1
1640,70097,1
77504,39247,1
4074,70681,1
80368,1936,1
8645,5943,1
56967,1936,1
101260,69919,1
13459,39283,1
8903,70920,1
162955,6349,1
183755,5988,1
131772,5334,1
57194,1540,1
46511,3856,1
178338,3700,1
113533,3701,1
2706,70644,1
33893,3856,1
28950,1714,1
109000,2654,1
46263,3757,1
176322,1558,1
56966,70760,1
13146,5935,1
88730,5552,1
150407,5446,1
133542,5703,1
148019,3554,1
165230,5902,1
77196,5446,1
183673,5008,1
113959,5703,1
162759,39233,1
53135,2841,1
57322,464,1
151171,529,1
41520,2394,1
109021,5833,1
83759,70759,1
16495,3806,1
183729,3558,1
107483,70759,1
41659,2035,1
103891,414,1
56967,5612,1
31486,5070,1
152128,5733,1
106720,70918,1
106242,6471,1
98328,70918,1
183674,6321,1
33898,39235,1
56970,39235,1
130536,3558,1
128331,466,1
160893,532,1
60042,840,1
151294,70652,1
161848,2703,1
130537,444,1
74438,70762,1
32446,5988,1
52566,3149,1
130888,6505,1
183717,5422,1
74364,6505,1
183757,417,1
106728,422,1
131894,615,1
78020,406,1
128332,70959,1
130601,6501,1
137766,5946,1
147009,6321,1
183770,422,1
152128,5086,1
33889,70757,1
106712,39282,1
155004,2339,1
47559,4347,1
130541,5298,1
41520,5612,1
109024,3350,1
185077,596,1
107505,5289,1
52879,38905,1
46266,6501,1
145572,6013,1
162955,4393,1
106715,586,1
131896,5313,1
75614,71111,1
47559,1592,1
146019,435,1
46427,70918,1
67431,70971,1
74544,71111,1
128329,4972,1
154500,412,1
109003,70788,1
157476,535,1
153290,1972,1
162580,39285,1
46262,5313,1
153501,1540,1
154501,2611,1
107277,2339,1
130418,70751,1
74546,527,1
157476,478,1
67443,2611,1
52666,70751,1
99319,527,1
109023,70924,1
33891,39033,1
152062,70775,1
46512,38903,1
52878,2318,1
57190,38903,1
154571,5572,1
185505,70098,1
52720,1140,1
109068,38903,1
107404,5819,1
51264,1140,1
185001,70097,1
52614,478,1
47560,2794,1
109032,69492,1
51897,70969,1
133156,70682,1
119978,70969,1
98463,70682,1
137770,6411,1
79704,538,1
131186,4283,1
152075,5572,1
155007,538,1
155164,515,1
46791,65012,1
145365,5937,1
47071,1321,1
88731,535,1
109335,5937,1
154499,5937,1
109015,2688,1
151234,70682,1
109037,5503,1
46344,70632,1
146023,967,1
74544,70777,1
83166,1089,1
183410,967,1
52881,3350,1
130960,2985,1
183445,1140,1
50236,2985,1
98340,70958,1
52609,70734,1
153868,70958,1
124424,70647,1
131185,2963,1
155004,546,1
56843,2035,1
152833,2963,1
90797,2035,1
107420,39232,1
192625,5008,1
67439,5551,1
75172,39232,1
192608,5897,1
98473,70697,1
107775,70678,1
131784,6348,1
192627,5055,1
146103,2486,1
78020,5970,1
151227,70786,1
109029,435,1
185079,6363,1
151175,70773,1
121582,538,1
109004,1104,1
77505,70931,1
50180,70928,1
113958,5498,1
133541,5955,1
165087,70788,1
155073,5955,1
198077,2392,1
151174,2392,1
106719,68133,1
176217,5134,1
192599,1104,1
176631,997,1
183757,2394,1
77332,5694,1
162578,439,1
154460,70773,1
192631,5248,1
162589,6348,1
185505,2392,1
137891,386,1
192628,386,1
162778,5151,1
131786,5938,1
154088,2688,1
88732,5938,1
166366,70640,1
145418,3774,1
74548,6505,1
152832,2777,1
77421,2777,1
176013,70650,1
130677,5787,1
109023,70650,1
77833,5787,1
201394,1714,1
106718,5943,1
128134,38903,1
74424,70681,1
89159,70681,1
131895,5147,1
74430,70973,1
195892,705,1
153313,39235,1
157477,488,1
109116,39235,1
108952,70644,1
107416,70787,1
110463,6349,1
74550,70644,1
218553,6475,1
212727,6349,1
199897,6475,1
195563,1936,1
162779,1936,1
131768,1936,1
153533,6416,1
151174,2787,1
115738,68133,1
74426,5395,1
225649,1638,1
130455,5805,1
156172,1411,1
155002,70973,1
195561,5446,1
155500,5935,1
195894,615,1
219963,39283,1
131185,5248,1
214737,6013,1
120113,3209,1
98605,65986,1
90338,70739,1
157726,3331,1
224696,3331,1
148019,5635,1
107389,70929,1
183816,643,1
225023,2707,1
162139,643,1
109011,439,1
109062,5748,1
198026,1592,1
224412,1592,1
131786,529,1
156063,70652,1
212215,6321,1
131033,5902,1
109115,70743,1
137888,5902,1
151228,406,1
199712,69385,1
113533,5876,1
122621,5876,1
212715,1777,1
156065,1296,1
179831,2703,1
106712,3295,1
197042,5086,1
75172,2841,1
162593,70760,1
183742,2703,1
79704,1082,1
220243,70762,1
107505,1777,1
98747,70762,1
201179,1713,1
165223,39285,1
77328,39282,1
151168,5210,1
74364,414,1
176015,5518,1
214296,435,1
154450,1049,1
83871,649,1
131737,3701,1
145409,6336,1
201181,3701,1
191446,5988,1
153533,70780,1
130534,3701,1
107390,3592,1
195892,3592,1
98330,4972,1
162577,3701,1
107048,464,1
109035,70031,1
133419,70743,1
192628,70955,1
104254,70761,1
147940,5977,1
212397,70955,1
98084,5819,1
138001,70640,1
227719,6501,1
225023,2985,1
196156,474,1
107389,517,1
224858,478,1
214296,1592,1
162135,6501,1
154453,5609,1
81119,2841,1
104049,6321,1
191445,444,1
154998,2318,1
155007,5609,1
106237,70086,1
75614,414,1
146113,5898,1
133807,2339,1
227755,39032,1
131420,38905,1
195548,2486,1
162290,3757,1
218554,546,1
82646,39247,1
195451,66967,1
176210,69492,1
133542,3295,1
103966,5313,1
176210,4283,1
128139,474,1
185077,70761,1
137889,5025,1
109233,69492,1
202632,70098,1
160117,5636,1
225669,2611,1
130455,70754,1
97597,5680,1
109026,6416,1
111859,70754,1
83167,2318,1
128229,5966,1
77503,1089,1
146809,5503,1
137886,70956,1
195216,65012,1
153313,70956,1
224479,70638,1
99786,5621,1
128233,1089,1
196129,2035,1
152063,1281,1
103963,3700,1
154458,3682,1
204040,39033,1
109010,70098,1
215134,5946,1
83870,5239,1
194399,70757,1
176018,5937,1
184626,5937,1
153290,70930,1
185078,1081,1
230484,5519,1
107674,535,1
146107,2654,1
160898,554,1
79704,5519,1
196155,1656,1
133154,2654,1
197866,2985,1
145369,2707,1
131787,2849,1
212218,70775,1
225023,5118,1
183759,422,1
148018,5680,1
122211,70734,1
195896,2045,1
103966,2045,1
103962,5348,1
106708,2963,1
146111,70754,1
227715,70759,1
196294,5897,1
183411,5939,1
192649,6346,1
137768,586,1
183746,586,1
212571,5954,1
161429,5938,1
224280,69492,1
97338,5954,1
152129,475,1
106709,6363,1
224553,70780,1
134095,5970,1
128139,70774,1
109032,2770,1
146906,6363,1
133156,2770,1
201198,515,1
106726,5498,1
222961,70928,1
137888,5348,1
109047,70928,1
114469,5134,1
184057,39247,1
130459,70932,1
228144,2486,1
99038,39247,1
138002,538,1
109055,515,1
151900,538,1
198358,70636,1
147105,5796,1
121068,39034,1
153284,1104,1
183420,997,1
117122,5519,1
195591,71111,1
230164,2392,1
183771,439,1
151231,70751,1
207637,435,1
154112,70751,1
185510,5722,1
138004,1089,1
230486,435,1
176217,798,1
183412,386,1
154498,5818,1
152128,68133,1
109001,5151,1
176755,6411,1
130457,2392,1
123796,5345,1
131186,39230,1
150493,70782,1
227801,1082,1
229347,3207,1
231738,71656,1
106716,5147,1
106323,6507,1
194106,5551,1
156172,5170,1
147122,5551,1
222748,70923,1
109013,6505,1
185078,70267,1
227775,70678,1
155003,6331,1
151895,3806,1
185508,3806,1
177443,5956,1
133417,70681,1
198358,5956,1
158103,70973,1
224611,1540,1
213016,3757,1
218186,5869,1
108868,5395,1
212864,5395,1
178365,532,1
230561,5943,1
109062,70732,1
161006,5345,1
177319,5869,1
183815,488,1
157831,6346,1
113672,5248,1
153481,5552,1
227894,1638,1
198352,2787,1
231692,5805,1
109335,70755,1
155501,3558,1
117743,5805,1
137774,3700,1
130601,66967,1
195551,502,1
198240,3700,1
240905,3331,1
156504,5635,1
146110,1592,1
137771,1829,1
128332,1592,1
195558,39235,1
157099,505,1
238418,3554,1
191446,6416,1
192630,39235,1
236068,2703,1
151068,2794,1
199710,527,1
154999,5733,1
183761,425,1
232624,406,1
128134,3209,1
162959,417,1
162576,3149,1
237789,5956,1
146807,70920,1
236012,39036,1
195891,70920,1
156282,1558,1
218184,1296,1
128329,69919,1
230001,70920,1
236229,39036,1
212214,39037,1
130531,3331,1
145418,5851,1
196149,1082,1
163157,6505,1
154453,70757,1
230509,70743,1
201181,5070,1
191445,39284,1
230560,70759,1
147559,35934,1
236545,70761,1
224552,3592,1
157476,5572,1
147383,5572,1
212863,35934,1
145415,3806,1
246446,70287,1
116196,70097,1
185245,546,1
185510,798,1
199714,5876,1
218069,5151,1
231712,461,1
183516,3682,1
247403,5898,1
227702,3682,1
183721,6471,1
236608,70753,1
162135,2841,1
147212,414,1
192618,527,1
247277,6013,1
218070,70086,1
156173,1049,1
228348,38906,1
247268,70086,1
152023,1049,1
205111,386,1
185078,5086,1
176217,5518,1
153226,505,1
162446,38906,1
194107,4340,1
192622,5535,1
212864,6321,1
152832,3700,1
128331,5946,1
131737,6416,1
227800,70969,1
133417,66967,1
236314,70682,1
130731,1047,1
146804,5977,1
155956,66967,1
192695,1047,1
176017,71111,1
131773,5518,1
203049,4283,1
177079,535,1
213976,70681,1
232619,70734,1
128140,70681,1
151971,5818,1
153289,70754,1
145416,2611,1
247479,2611,1
241957,1296,1
246784,70031,1
179831,70918,1
248347,3757,1
236002,1081,1
222173,3757,1
238466,1081,1
232804,2849,1
153502,70031,1
247335,70958,1
154515,5289,1
227700,2045,1
161300,70775,1
192620,1047,1
227681,3370,1
217956,2963,1
225467,532,1
196150,2985,1
248303,70637,1
241183,444,1
236014,39282,1
231671,6321,1
236541,70956,1
132711,419,1
131186,1069,1
160768,467,1
248464,586,1
227681,70786,1
235682,586,1
192626,61180,1
236819,70786,1
155980,1140,1
147214,5694,1
131776,39283,1
213812,70754,1
146017,6428,1
201544,70734,1
165229,412,1
183735,1936,1
130534,2035,1
155003,70788,1
197109,1540,1
246803,5612,1
231672,5205,1
230561,70098,1
154500,997,1
178337,70921,1
213608,1281,1
162290,5348,1
161848,70632,1
165225,2394,1
228284,840,1
137884,65012,1
163174,425,1
153480,5954,1
133420,538,1
154510,5938,1
133952,5938,1
253311,5694,1
227833,5787,1
201182,517,1
233577,475,1
162765,2392,1
151227,5498,1
154995,6453,1
227835,5008,1
147940,5210,1
197110,5008,1
153284,5348,1
248342,70636,1
247478,5289,1
154503,6380,1
227845,5636,1
236609,5946,1
183717,5248,1
151173,70777,1
217845,5946,1
183750,4372,1
224551,5818,1
212715,967,1
192799,39232,1
195893,39232,1
178473,5796,1
156063,68133,1
247336,435,1
185507,6470,1
162574,70930,1
237248,70683,1
156065,70773,1
240909,386,1
183464,6411,1
162138,3370,1
149997,643,1
202411,2486,1
256347,65986,1
198188,70923,1
151979,798,1
244810,643,1
249682,554,1
247271,39247,1
177443,5334,1
236496,2392,1
151169,1296,1
183765,5869,1
254351,5551,1
197560,3806,1
192617,70755,1
246803,70732,1
270963,70755,1
213293,6509,1
248351,5345,1
192649,1411,1
232863,5805,1
266534,5805,1
183725,39233,1
253307,5422,1
224553,5008,1
240903,2777,1
231672,6509,1
236544,2787,1
231972,38905,1
183780,70924,1
270300,529,1
271205,529,1
236610,3209,1
232621,6336,1
156736,3331,1
195894,5635,1
236054,6336,1
153360,2654,1
161006,70959,1
257442,5612,1
202164,69919,1
232617,3701,1
192696,3149,1
174775,1296,1
183762,1082,1
236545,509,1
198530,5956,1
219823,5956,1
227844,505,1
183732,70973,1
264510,478,1
176218,3856,1
230496,5422,1
154995,39235,1
254798,3856,1
231733,615,1
197112,70757,1
271482,3350,1
198355,5422,1
177342,3856,1
266022,5722,1
153502,5422,1
256347,70973,1
212200,39235,1
247274,2841,1
240910,35934,1
192585,70761,1
162137,70739,1
194476,70640,1
154449,70739,1
247419,5851,1
227718,5851,1
254915,3209,1
196296,70097,1
165226,70968,1
227892,2035,1
277442,410,1
247347,6349,1
162587,414,1
247479,6505,1
248303,5902,1
162589,510,1
263630,69385,1
254424,70751,1
197866,70650,1
253312,3764,1
227837,70759,1
236819,70751,1
224281,3806,1
155151,488,1
198187,5935,1
276455,5935,1
214296,39284,1
247671,38903,1
276967,3806,1
247484,5937,1
178364,6433,1
233284,4283,1
212202,38906,1
256347,417,1
227681,6433,1
236535,5897,1
277182,3701,1
238418,70956,1
227701,70931,1
247230,5977,1
185726,6471,1
192744,39233,1
267161,66967,1
258787,6471,1
233806,5636,1
267093,1866,1
247350,6340,1
247266,2611,1
247228,4340,1
277807,70955,1
237031,70636,1
156620,70761,1
228033,3757,1
267680,2486,1
277704,1321,1
231664,5303,1
192615,1081,1
183738,5571,1
233806,6501,1
280276,5303,1
271350,386,1
247937,2045,1
217844,5609,1
238415,70753,1
271206,2707,1
205075,6410,1
276941,3295,1
220823,39234,1
218552,70759,1
192611,70930,1
253306,39032,1
257427,61180,1
183737,70930,1
231620,505,1
277811,2611,1
176417,1829,1
192608,70918,1
241052,39285,1
212862,70757,1
231733,5748,1
254347,69492,1
232338,6321,1
278041,4393,1
270424,70734,1
271508,69587,1
163603,467,1
192603,467,1
283345,444,1
253301,70774,1
270963,35934,1
231658,5694,1
227716,70969,1
271505,39284,1
238523,70780,1
283677,70969,1
227701,70969,1
198185,5239,1
195481,70968,1
277442,422,1
253302,39283,1
194110,70097,1
264659,6331,1
284943,705,1
225669,70097,1
276404,705,1
247273,5818,1
277398,840,1
212214,70637,1
258791,2339,1
201544,5703,1
213972,71111,1
227837,997,1
280491,840,1
232627,2339,1
230492,2985,1
284939,5703,1
240903,412,1
254344,70786,1
192626,412,1
273311,5621,1
247275,61180,1
227698,70031,1
258793,1047,1
217846,6013,1
183747,596,1
194107,1140,1
226481,2054,1
227718,5086,1
196154,4393,1
255171,70678,1
229239,38903,1
218551,70788,1
266528,5348,1
213181,1104,1
238755,1104,1
257444,5008,1
195792,840,1
238318,5519,1
194250,5519,1
231674,6453,1
242460,6453,1
271351,5977,1
246810,535,1
192799,5210,1
199744,5518,1
266542,5210,1
224345,5898,1
280489,5313,1
253476,5446,1
213812,70697,1
195559,1829,1
264511,3764,1
227844,39034,1
183817,6380,1
257438,70784,1
265869,6380,1
199708,5938,1
198357,5070,1
257458,6363,1
227842,475,1
236017,39232,1
230560,475,1
280606,70652,1
276308,1104,1
194798,70636,1
204449,5345,1
183725,5694,1
270407,5118,1
267805,5946,1
194396,5498,1
283436,5988,1
221417,5988,1
204261,5819,1
271854,5970,1
232627,5636,1
266242,70777,1
253319,3149,1
194106,1017,1
267680,6363,1
230564,5147,1
227755,386,1
272686,643,1
199713,39230,1
272087,2054,1
227703,1069,1
267470,6475,1
195891,1714,1
196152,1714,1
247010,5551,1
248580,4340,1
293007,70923,1
298211,5345,1
283343,70644,1
272289,72735,1
247277,1936,1
241646,1936,1
280607,70751,1
285322,5422,1
253312,643,1
231690,39233,1
292457,2688,1
192587,3207,1
247266,2688,1
291471,467,1
247277,70681,1
213608,6507,1
283378,3558,1
253302,70681,1
253316,6507,1
277709,1082,1
225669,3592,1
231689,1082,1
248768,4340,1
202411,1592,1
277815,1592,1
197109,70924,1
258783,69919,1
293024,527,1
201185,3701,1
218308,413,1
266185,3701,1
270292,70267,1
276721,1558,1
270423,70640,1
220243,38905,1
270833,2707,1
273002,3701,1
199708,70931,1
283285,3331,1
221567,2654,1
273175,5956,1
279541,5422,1
212714,5956,1
236611,5422,1
236537,70759,1
212211,5869,1
238319,70782,1
213976,70782,1
264509,5902,1
194108,502,1
218068,3700,1
293229,70760,1
293135,5193,1
276817,2794,1
227943,70972,1
240901,3700,1
236315,70972,1
246802,70972,1
194108,649,1
232618,5609,1
227847,39285,1
276309,70761,1
201544,39285,1
241363,70761,1
213016,68133,1
230164,70973,1
273002,410,1
292714,70757,1
303452,70640,1
285322,2703,1
253318,1713,1
248343,2703,1
252880,70097,1
271483,70739,1
247275,39284,1
277399,2035,1
195047,6509,1
247275,70968,1
238528,3700,1
293250,3764,1
277706,70956,1
232615,38903,1
227836,5313,1
291271,3774,1
266023,4283,1
236105,66967,1
248276,798,1
227774,3295,1
201883,474,1
293117,2770,1
254891,69587,1
238466,2611,1
253305,2794,1
253307,70762,1
277441,5334,1
231710,461,1
236743,2777,1
246808,2688,1
283286,6349,1
232695,5609,1
271346,5966,1
238417,70784,1
253302,2045,1
267929,466,1
192623,70788,1
283679,4972,1
232806,39039,1
272840,69492,1
267675,2703,1
264202,517,1
292833,2841,1
238322,2486,1
266608,70753,1
237789,6336,1
277178,70754,1
266542,70754,1
236496,3757,1
254799,70753,1
238314,2707,1
231691,5787,1
237631,39235,1
195551,3757,1
283682,70757,1
303814,70969,1
257464,5303,1
277194,2849,1
253321,70757,1
236030,5897,1
227614,70969,1
283681,5571,1
246842,2035,1
280279,5946,1
247350,61180,1
283290,5571,1
254344,6416,1
306262,70780,1
212205,5571,1
212216,1081,1
299231,1592,1
237870,1081,1
198240,70930,1
277703,505,1
253310,5937,1
257420,1972,1
303745,6331,1
241058,70760,1
264410,5298,1
293229,586,1
272684,5571,1
284944,39037,1
231736,39283,1
232627,65986,1
212398,65986,1
194399,39283,1
283286,1281,1
299810,5703,1
283284,70920,1
264504,2654,1
292528,2985,1
248353,422,1
240898,1049,1
220676,5966,1
278307,2394,1
264603,2394,1
241050,39282,1
267931,5498,1
291272,5942,1
303973,5833,1
247937,69385,1
292602,5833,1
248350,6013,1
199709,1558,1
296671,6505,1
276899,5518,1
195789,705,1
231659,6349,1
227703,5518,1
306331,6013,1
291059,1047,1
246445,2985,1
283435,406,1
202177,464,1
280272,2318,1
212211,70932,1
264658,5086,1
292454,70031,1
238524,414,1
254801,425,1
304897,39034,1
313341,464,1
284950,6346,1
238529,70958,1
299811,2770,1
284820,5348,1
277175,840,1
305589,435,1
230563,1140,1
227702,70788,1
228348,5971,1
280382,6453,1
316585,70636,1
308385,70932,1
257460,70784,1
272845,39033,1
247422,2392,1
236012,6453,1
247937,5248,1
264511,39033,1
236121,5955,1
277709,596,1
291052,596,1
231691,5008,1
257427,39034,1
303456,5966,1
231672,5858,1
254737,4372,1
276312,38906,1
266630,1936,1
277249,1281,1
283282,532,1
241957,4372,1
227800,5819,1
283347,5970,1
247649,39232,1
267678,3149,1
313342,5897,1
292427,6363,1
277111,39232,1
219964,3149,1
238523,5118,1
265866,5818,1
285450,70678,1
271348,596,1
236385,386,1
291764,5170,1
248829,5988,1
247227,5988,1
303406,1104,1
303395,798,1
306473,643,1
270306,3370,1
283438,6470,1
313342,6475,1
283663,69492,1
291274,5147,1
253311,2392,1
316375,515,1
317599,515,1
277817,70918,1
283439,5635,1
309538,1540,1
283366,1069,1
283377,39233,1
283436,39282,1
232627,2035,1
280280,70697,1
267806,643,1
229239,5876,1
253305,527,1
238644,2654,1
300596,64783,1
277178,5943,1
277703,6411,1
247504,1082,1
270550,538,1
267675,5503,1
238762,5008,1
247348,5636,1
323077,1936,1
246823,615,1
285195,3554,1
248354,615,1
258795,2654,1
313439,5552,1
283611,467,1
247225,70697,1
248351,3209,1
271205,5956,1
247225,70931,1
227844,65012,1
267681,5805,1
257462,5869,1
227833,66967,1
246803,6507,1
265144,70681,1
283346,70760,1
228086,2841,1
277318,1638,1
283285,70782,1
283680,70918,1
246893,70918,1
231677,6416,1
321176,69919,1
258789,3701,1
333925,502,1
291049,5193,1
302097,5733,1
241050,502,1
306285,5193,1
302414,5970,1
254797,417,1
276404,70097,1
276969,2777,1
276939,474,1
264512,39285,1
227701,70921,1
266813,6509,1
334766,70921,1
283284,6509,1
284940,6505,1
257446,3331,1
232623,70650,1
277249,3558,1
292389,70640,1
267685,5971,1
331584,5609,1
284820,38903,1
325565,68133,1
317286,39036,1
253321,69587,1
265871,1558,1
285196,478,1
264505,5313,1
231672,68133,1
330665,5722,1
306553,5170,1
308222,39233,1
334224,417,1
292900,70782,1
292794,3806,1
256347,461,1
231733,70267,1
319076,798,1
322990,70787,1
320981,3700,1
254890,6475,1
276309,38906,1
266811,414,1
292425,70784,1
325567,70086,1
293117,5609,1
303742,3209,1
271346,69385,1
272843,5943,1
284486,5303,1
276452,6349,1
313544,546,1
269460,2794,1
326378,6349,1
246894,70923,1
323155,1321,1
247335,467,1
239361,2707,1
277815,3856,1
258782,467,1
237399,1656,1
283704,502,1
248343,444,1
334029,444,1
303972,70969,1
266530,2045,1
303449,505,1
317364,70754,1
247336,1866,1
249431,2394,1
257414,2703,1
240909,5939,1
292835,70973,1
266245,5289,1
309888,466,1
231732,70647,1
334348,5939,1
277180,5966,1
277808,61180,1
280605,1017,1
240904,70652,1
299231,70757,1
265895,705,1
253308,39037,1
292498,70759,1
292388,70759,1
323187,39036,1
273009,488,1
236548,5572,1
340091,527,1
241646,6416,1
247649,510,1
315279,5572,1
323070,6416,1
315374,475,1
338784,505,1
321304,71111,1
276941,475,1
232622,5946,1
303685,1972,1
303973,39282,1
267677,475,1
247335,2394,1
284950,70780,1
305548,70755,1
266104,70760,1
343283,5503,1
339535,6321,1
309540,5503,1
318653,3682,1
309427,2486,1
238312,2985,1
340165,70638,1
272087,6428,1
317692,2985,1
277930,70775,1
247480,5210,1
339278,2794,1
257450,61180,1
326961,425,1
323105,5748,1
284581,5680,1
331586,70786,1
254496,70786,1
308295,419,1
258797,425,1
257434,1049,1
317689,1047,1
318652,5151,1
306263,6410,1
277173,1047,1
331489,406,1
313443,5635,1
272845,406,1
334470,5635,1
231740,6346,1
341226,6331,1
291053,70787,1
317601,5937,1
277394,4393,1
308305,5858,1
339998,2770,1
341535,412,1
292430,5008,1
343273,1049,1
236194,70969,1
331593,412,1
283292,5518,1
277820,5134,1
313438,70774,1
325294,4393,1
292799,6380,1
284943,5498,1
337896,5954,1
266103,2054,1
320980,2054,1
321540,2054,1
330561,5796,1
257440,39032,1
331477,3370,1
292431,70958,1
330839,5819,1
338138,967,1
264502,65012,1
237399,5819,1
292431,70780,1
291050,5519,1
322283,475,1
248580,5551,1
257435,1936,1
236018,2318,1
315281,5621,1
232710,3764,1
356210,2318,1
331587,6453,1
270300,5025,1
330411,70786,1
280490,5621,1
291060,5519,1
284827,70773,1
321319,39247,1
292454,2963,1
343009,2963,1
342751,70788,1
264704,70678,1
349022,464,1
241958,5151,1
305591,3149,1
339194,3149,1
291654,70652,1
264517,554,1
331781,39032,1
364687,5722,1
248346,5818,1
313342,5055,1
248350,1104,1
319556,1104,1
317688,413,1
247275,70031,1
316375,39039,1
331435,2318,1
284581,5055,1
267684,70777,1
270407,3757,1
247229,70918,1
314173,70732,1
306262,1411,1
276861,39034,1
264658,1540,1
351711,1411,1
236121,69841,1
343346,439,1
267680,2035,1
349141,6411,1
267686,5970,1
360091,5248,1
321176,3856,1
364682,70683,1
292707,412,1
270964,412,1
331480,5988,1
247758,70697,1
353413,5988,1
380900,11405,1
330561,70697,1
247230,65986,1
272686,3554,1
267676,70968,1
320886,70267,1
338576,70267,1
380824,5395,1
270676,5147,1
338053,70924,1
320979,70751,1
350673,5703,1
341326,615,1
351383,5971,1
248353,6346,1
280489,615,1
375388,5971,1
283682,39232,1
241049,70755,1
299212,5939,1
359062,529,1
309425,5805,1
352436,5498,1
343165,5939,1
277399,1936,1
349143,70682,1
277131,5612,1
322562,39285,1
321176,1936,1
276886,39037,1
343166,5552,1
323072,5819,1
351377,6416,1
283766,70760,1
343448,69919,1
323888,615,1
356686,2707,1
338054,70650,1
313708,70650,1
308225,6509,1
301995,509,1
302097,6433,1
252880,5193,1
291654,38905,1
292412,467,1
331591,510,1
271205,70761,1
344996,64783,1
343273,70918,1
339814,4372,1
248342,70968,1
258794,70762,1
257429,3806,1
276939,70640,1
338885,5422,1
322178,2777,1
306262,410,1
316168,69587,1
257435,5170,1
340308,1558,1
326897,70921,1
325293,478,1
339260,1972,1
309430,68133,1
264505,70743,1
337974,70743,1
358579,3209,1
277318,5313,1
271641,70920,1
316270,3856,1
358581,69919,1
321454,2611,1
363943,6471,1
306331,39233,1
267683,35934,1
248360,39036,1
276941,70739,1
349018,70640,1
291062,70759,1
266527,70969,1
353413,39036,1
254349,2045,1
330664,70739,1
327311,410,1
339174,1296,1
303742,5805,1
305549,5609,1
358578,2841,1
364683,2688,1
309535,5971,1
255103,3774,1
306553,505,1
299654,3774,1
270432,5898,1
358916,417,1
339373,444,1
276456,6416,1
309431,6416,1
343445,5572,1
331475,70777,1
356307,5897,1
359063,1714,1
272695,70652,1
258787,5289,1
359401,5609,1
254345,70782,1
316270,6410,1
308226,5851,1
315472,38903,1
343284,517,1
386412,5334,1
283442,38903,1
333648,475,1
303398,6433,1
283436,422,1
271483,5334,1
325574,5876,1
313341,6340,1
283379,70650,1
254736,6509,1
368118,5939,1
343529,70780,1
349150,3764,1
291273,419,1
309432,1081,1
276457,70638,1
284654,6410,1
308224,5535,1
350411,5289,1
343296,2394,1
280605,5210,1
292379,1281,1
384743,5008,1
309537,70760,1
283348,2794,1
325573,4972,1
353411,1540,1
318997,70786,1
277247,70754,1
257413,70788,1
344070,5518,1
267681,39033,1
363590,4972,1
292432,1972,1
304897,70734,1
280489,5518,1
257422,70774,1
321078,422,1
313343,1081,1
264502,70930,1
292714,4393,1
349147,2392,1
330300,70637,1
298211,70971,1
257440,2392,1
351240,5635,1
360071,65012,1
272845,65012,1
343348,5635,1
388333,5992,1
386936,70754,1
291137,5498,1
342927,39032,1
306203,510,1
356497,70969,1
303443,70775,1
394115,5446,1
387216,967,1
277180,3764,1
318198,1140,1
266492,6349,1
349021,414,1
276404,2339,1
339167,70632,1
388334,1296,1
320886,1047,1
375531,412,1
270676,2318,1
351368,1656,1
277180,2318,1
385909,70773,1
284827,5946,1
351372,5348,1
352624,2963,1
341537,70920,1
299357,39039,1
351380,70636,1
319556,532,1
325804,5819,1
266241,5955,1
352815,5193,1
308298,6336,1
277390,70031,1
404010,5086,1
380824,1140,1
335678,70932,1
292525,546,1
306202,406,1
386745,70739,1
339279,70971,1
325578,70031,1
285197,5818,1
333559,2770,1
325497,1017,1
321896,5818,1
381313,70780,1
381144,2770,1
383132,5118,1
359895,3370,1
292379,2318,1
323075,5551,1
364689,5345,1
303455,798,1
325522,5070,1
280607,70959,1
273722,6411,1
381312,5858,1
341730,70777,1
351386,5858,1
334225,439,1
271195,3207,1
388891,5118,1
339926,439,1
349148,3207,1
404948,3370,1
334226,5519,1
360290,5170,1
322182,39034,1
365120,413,1
386743,70956,1
338389,3757,1
306783,5636,1
339119,5938,1
299355,70924,1
351710,5938,1
356210,1069,1
291057,386,1
294791,5147,1
365121,3592,1
293596,3592,1
343909,3806,1
305844,3592,1
299354,5876,1
305550,5334,1
338995,5612,1
400604,5805,1
327504,70931,1
292384,5612,1
291470,1936,1
384740,70956,1
328784,70755,1
384131,615,1
343529,5703,1
349017,70736,1
395761,70632,1
333646,5943,1
318198,4340,1
320885,70644,1
309428,5988,1
294791,3701,1
317690,5008,1
330663,39037,1
333559,3558,1
299810,1411,1
405120,1082,1
321341,70761,1
331475,6336,1
321395,538,1
369650,5055,1
393752,5535,1
336059,5070,1
284941,5086,1
381181,3209,1
359235,5939,1
325287,3209,1
315276,3592,1
322976,69841,1
375387,478,1
381224,5946,1
364561,1104,1
366522,5422,1
277390,5422,1
323187,5970,1
359385,39039,1
330651,5935,1
343195,70267,1
325857,478,1
302097,70921,1
325461,68133,1
351378,70972,1
292705,502,1
365679,70678,1
331489,38905,1
335676,70736,1
332417,2054,1
405376,3295,1
358915,3774,1
315373,38905,1
291471,554,1
305553,39036,1
292715,6507,1
320981,39036,1
318749,70743,1
349874,70743,1
295546,70739,1
404950,1777,1
335676,5935,1
359387,38906,1
315278,798,1
323182,1714,1
351384,2849,1
341326,70784,1
344716,70753,1
291235,6471,1
380967,4283,1
315372,70784,1
403997,6509,1
309888,70759,1
376687,1104,1
359895,3350,1
359894,70636,1
302414,70751,1
333644,1777,1
341326,6501,1
349027,70013,1
360091,6331,1
343140,467,1
341131,68133,1
338390,66967,1
325522,66967,1
341326,3295,1
359061,3806,1
366742,3806,1
341497,70681,1
360091,410,1
305843,5303,1
394421,70968,1
381144,6501,1
344256,5303,1
351376,70968,1
283752,70777,1
320977,70784,1
414608,69492,1
384733,5313,1
404001,70920,1
381223,69492,1
417255,3701,1
323070,6507,1
386382,70647,1
284374,5954,1
359570,70923,1
348485,2849,1
294522,71111,1
333557,466,1
412604,5733,1
403834,5787,1
343195,70923,1
299657,39234,1
412863,70640,1
315372,5609,1
404003,6416,1
338044,5851,1
385909,39234,1
364694,502,1
369859,488,1
365439,527,1
326276,6416,1
354172,70753,1
349017,5636,1
403997,70761,1
315371,6475,1
388445,2787,1
341131,5722,1
315472,70973,1
283369,6475,1
334765,475,1
401084,70652,1
303765,70782,1
284822,5612,1
292602,70787,1
403989,6509,1
388229,3350,1
317291,6410,1
405392,4283,1
290096,70637,1
325925,70918,1
302097,6505,1
342927,2394,1
317290,70973,1
393746,70086,1
376154,6505,1
341538,1713,1
291060,997,1
284948,6349,1
338296,5070,1
375917,4347,1
404330,5902,1
321540,5694,1
327005,70929,1
285450,2841,1
295190,5703,1
412863,70777,1
393752,1972,1
343500,505,1
325462,70757,1
420010,422,1
418347,70638,1
341499,5210,1
404950,70638,1
331489,5694,1
380964,6013,1
384781,5535,1
321177,2654,1
338578,5151,1
412552,2654,1
404152,5289,1
349011,2654,1
412743,5703,1
292426,70754,1
309428,422,1
404950,4372,1
349616,517,1
359077,1049,1
349021,61180,1
412604,3700,1
384738,70754,1
350673,1281,1
322413,70732,1
394574,1049,1
394420,3700,1
313340,2392,1
384132,5833,1
339926,6433,1
394253,6433,1
404001,2688,1
308304,5518,1
308557,2688,1
291708,2054,1
321545,70930,1
359554,70930,1
343162,39285,1
299232,5334,1
325291,417,1
364918,586,1
305844,3764,1
373692,70097,1
403995,5937,1
309536,1656,1
339915,70786,1
343446,6348,1
331483,2777,1
384740,70788,1
388560,5248,1
333554,840,1
343350,410,1
335677,70920,1
321077,5946,1
323886,5946,1
358576,70754,1
309428,5946,1
310007,65012,1
291708,70971,1
333827,5680,1
302413,4393,1
359570,5298,1
349874,5992,1
373693,70786,1
291062,967,1
330410,1936,1
339497,412,1
291901,1829,1
415483,70098,1
324220,70098,1
351553,5954,1
338885,5635,1
423376,2794,1
404000,70784,1
412632,1140,1
306222,6433,1
359894,70647,1
412604,5025,1
305589,5446,1
321078,546,1
349874,69385,1
338576,39039,1
319233,4347,1
394420,70739,1
322578,70955,1
315469,5086,1
360290,5970,1
330743,5289,1
315469,5298,1
341428,70678,1
412604,1656,1
386496,5298,1
339174,1017,1
415931,5988,1
351374,70773,1
394274,5151,1
331482,5955,1
384907,5151,1
314408,70031,1
393201,478,1
404000,596,1
308301,967,1
384789,2770,1
366304,39283,1
365678,1089,1
405559,410,1
420160,5118,1
325571,5118,1
299810,840,1
303743,70932,1
351366,464,1
334222,5519,1
365121,39039,1
403404,70683,1
359236,70928,1
316270,5897,1
343300,5858,1
360452,532,1
305890,5170,1
333829,6363,1
358578,3757,1
384733,1047,1
339535,1540,1
352092,5621,1
341538,70632,1
388557,439,1
386669,5118,1
320477,5193,1
343343,70958,1
331069,615,1
388335,70958,1
405034,615,1
317518,3757,1
368398,3757,1
338045,39032,1
341498,643,1
330649,3207,1
418239,70267,1
343285,70267,1
305550,615,1
343174,5070,1
342926,5621,1
322183,70760,1
318921,39034,1
420067,3331,1
326791,70773,1
359554,39034,1
380745,70751,1
321540,39232,1
394001,2035,1
306783,70956,1
337974,5535,1
347668,535,1
330301,5733,1
351911,1081,1
364693,70697,1
393078,39247,1
359061,39247,1
352092,5571,1
315471,5992,1
351385,70956,1
393875,1069,1
360090,5147,1
334025,69492,1
401083,5422,1
384786,5070,1
386218,3331,1
325578,509,1
304897,70736,1
340619,509,1
333826,5636,1
317688,3558,1
325581,39039,1
309535,1104,1
405560,467,1
343272,5966,1
306473,3295,1
343092,2794,1
386936,5170,1
423376,70637,1
339915,70784,1
394399,70755,1
423618,4283,1
323075,1558,1
339998,39233,1
356210,38901,1
386410,6336,1
308294,5303,1
405466,1777,1
317359,70753,1
323886,6331,1
326045,4283,1
405392,70681,1
331586,39232,1
364562,68133,1
359064,2707,1
380899,70013,1
394576,69385,1
384907,1411,1
351374,5943,1
412851,6509,1
325378,3701,1
394399,5170,1
364890,5348,1
341226,502,1
349614,70013,1
370471,70923,1
384744,70968,1
313708,1321,1
309888,5876,1
317290,70968,1
419607,5722,1
375769,5694,1
338584,6416,1
392734,414,1
325462,38901,1
308226,1638,1
356310,61180,1
344167,70923,1
338575,70780,1
431909,1592,1
309886,5898,1
405655,5572,1
321396,1713,1
333561,6505,1
325569,2394,1
419826,70652,1
365121,70652,1
343447,70743,1
392845,444,1
412650,70743,1
404151,3682,1
393200,70086,1
338410,65986,1
431929,39234,1
404954,2703,1
341533,39284,1
317692,5966,1
392827,5851,1
419826,3774,1
377251,6349,1
404002,4347,1
419701,4972,1
354575,38903,1
386494,6349,1
338045,4972,1
331481,4340,1
356313,4340,1
317517,38901,1
323077,649,1
380822,554,1
379910,38901,1
364688,39235,1
375390,554,1
333558,70739,1
391879,1049,1
334347,70969,1
423930,5303,1
349875,5571,1
359066,2707,1
313544,70955,1
404000,70920,1
384744,6509,1
420129,70787,1
375662,2035,1
431931,69492,1
343162,5956,1
352435,70743,1
380818,70640,1
325293,1281,1
422696,5395,1
387879,5070,1
364562,5134,1
412649,510,1
338910,413,1
403834,2392,1
342836,5935,1
399740,6380,1
351378,5210,1
318745,4372,1
425180,5833,1
403986,70969,1
343297,5748,1
384708,3764,1
349010,5748,1
344256,5977,1
386089,5787,1
331593,5498,1
331138,6501,1
386414,527,1
419700,5787,1
331481,1656,1
325285,1866,1
330744,461,1
322813,70734,1
333561,70757,1
325567,3700,1
331138,4972,1
422989,4393,1
388445,586,1
325747,35934,1
317603,5680,1
383678,70972,1
342926,5680,1
406578,2841,1
426194,5345,1
343444,6349,1
338910,3554,1
382048,5248,1
380968,70774,1
432794,5205,1
364678,5205,1
418605,5819,1
325572,419,1
375792,1936,1
356497,5446,1
400146,38903,1
325566,5796,1
349021,705,1
324839,1558,1
376687,39033,1
388333,5694,1
388228,2486,1
416127,5694,1
351535,2787,1
394546,422,1
360251,488,1
418605,5955,1
431909,5955,1
404007,5151,1
376045,2035,1
322639,1321,1
412863,5298,1
338224,517,1
384624,1972,1
431908,39033,1
356313,425,1
364683,4393,1
364918,5988,1
351385,5025,1
380968,5289,1
364912,5025,1
442048,5289,1
364683,997,1
412908,5289,1
339661,5118,1
326897,5519,1
351537,5818,1
442043,3370,1
404150,70929,1
443667,1017,1
384628,464,1
380966,5937,1
359066,39230,1
426194,5519,1
353804,39230,1
351911,515,1
349022,475,1
400688,5134,1
334029,70921,1
441974,3149,1
331589,70683,1
349149,70932,1
433682,5118,1
360071,1047,1
368398,70640,1
330743,39032,1
394003,5898,1
419249,435,1
381793,1069,1
431957,1081,1
404953,615,1
412691,5943,1
396385,3806,1
333556,406,1
350411,3806,1
394255,406,1
342833,1296,1
393751,70683,1
359064,70958,1
442052,798,1
404151,6411,1
426194,2035,1
384735,6470,1
342839,70968,1
388793,3370,1
364681,5970,1
394575,535,1
405852,5819,1
364561,69841,1
403834,386,1
426107,70788,1
349147,5621,1
392811,70097,1
339374,70644,1
359078,69919,1
443668,1069,1
331587,478,1
352624,5535,1
384741,39232,1
331590,509,1
384131,70972,1
419701,509,1
433659,439,1
394119,643,1
386218,527,1
364685,439,1
434682,5942,1
433670,3207,1
358916,1972,1
434824,6507,1
409154,5422,1
381181,1321,1
414485,1972,1
405392,529,1
366522,69587,1
393750,68133,1
412863,39037,1
446740,5571,1
414608,70739,1
405953,39037,1
365678,2054,1
343446,5498,1
400688,5170,1
413262,69587,1
403989,6428,1
413024,70697,1
364685,3554,1
394273,798,1
358017,3700,1
448733,5239,1
388794,5733,1
404005,39036,1
393078,39036,1
393434,419,1
349024,70267,1
392013,5086,1
412649,5086,1
433666,70755,1
349018,417,1
351367,461,1
400604,64783,1
349148,64783,1
386028,2045,1
338995,5805,1
399614,5805,1
409253,70637,1
435229,2045,1
393874,5898,1
432794,70956,1
404952,70777,1
384741,38906,1
351713,70636,1
365589,444,1
343009,4340,1
435299,444,1
364915,5694,1
438805,5787,1
358914,546,1
387122,70780,1
400488,586,1
412694,5636,1
442043,70780,1
343008,70086,1
343274,5636,1
433171,70761,1
419249,38903,1
405851,5971,1
395760,39284,1
360453,38906,1
384743,70959,1
386742,5971,1
433664,4972,1
392846,1104,1
356875,5971,1
435000,5722,1
442005,39235,1
364688,5303,1
381521,5552,1
347669,2849,1
352621,474,1
369635,70959,1
383677,505,1
349744,39232,1
343160,38901,1
449433,39232,1
448737,70787,1
447128,70787,1
356210,5966,1
386742,2654,1
380823,4347,1
366302,70757,1
403998,5422,1
384733,4347,1
448732,3856,1
344716,70757,1
375792,5992,1
392737,70638,1
442053,5571,1
443659,2985,1
443660,5571,1
386745,5210,1
449075,554,1
416127,5210,1
364677,70955,1
401045,70782,1
394546,70732,1
360090,527,1
384281,70732,1
405851,39036,1
449339,413,1
364687,70754,1
393875,70754,1
351553,70640,1
349875,417,1
386218,532,1
397924,71111,1
359064,71111,1
449910,4393,1
386669,6428,1
375391,4393,1
394572,6428,1
386669,4393,1
394420,1089,1
447196,70757,1
433356,70637,1
359896,5956,1
359236,461,1
364694,461,1
433657,2339,1
448691,410,1
381223,5748,1
431955,2841,1
375793,1656,1
386410,38906,1
384796,4372,1
393200,70681,1
364694,39032,1
375675,2318,1
448736,5151,1
380966,5248,1
434679,5248,1
448732,2777,1
405036,5446,1
433172,5008,1
431930,70923,1
393749,6349,1
432794,649,1
405752,6321,1
366304,2035,1
417321,70930,1
434681,488,1
389796,1866,1
392734,488,1
365677,1321,1
433658,70678,1
420685,70678,1
433682,798,1
377085,6013,1
386841,5722,1
422696,1281,1
418317,70647,1
384907,6013,1
412498,70647,1
393198,6013,1
412500,6363,1
412793,6346,1
375382,5503,1
406578,5572,1
364688,6346,1
384733,5025,1
448733,6363,1
388794,5118,1
383677,840,1
449074,6331,1
400009,840,1
418380,4347,1
386495,70775,1
386838,70097,1
449432,70775,1
392734,69385,1
423695,6363,1
447677,6363,1
381869,70098,1
381042,1866,1
405852,5345,1
378442,5170,1
394421,70759,1
388334,532,1
420127,70754,1
420129,6410,1
393079,70918,1
404686,70958,1
423849,5898,1
441974,5680,1
381871,1714,1
405034,5313,1
442049,70732,1
419653,5118,1
388676,4393,1
446640,5937,1
384795,3370,1
433674,6471,1
376574,478,1
448800,410,1
405288,1829,1
434679,1296,1
420008,70958,1
386382,596,1
383677,5551,1
448735,5635,1
447128,1936,1
424178,5147,1
401086,535,1
433681,39034,1
384131,5858,1
394274,5147,1
399718,70760,1
403996,39232,1
384731,39232,1
449069,1540,1
442104,1540,1
451167,6411,1
412685,69492,1
404951,70928,1
388794,2035,1
381312,1936,1
388333,425,1
420934,1638,1
394117,1638,1
457663,386,1
457661,70973,1
381312,478,1
394252,1081,1
386414,3592,1
441974,6336,1
420066,1017,1
433661,70644,1
426756,3149,1
433404,3701,1
403997,70644,1
392735,5612,1
386839,5938,1
423695,39285,1
449908,2777,1
431909,5612,1
386412,70682,1
397836,39233,1
388332,5869,1
449162,5422,1
448734,39037,1
393077,69587,1
393752,5170,1
400009,2654,1
393874,70928,1
406578,70759,1
418319,5498,1
423383,5635,1
419706,6471,1
394001,6471,1
431927,6471,1
384787,2054,1
434824,3207,1
384842,5345,1
384709,70650,1
448377,39036,1
424094,5086,1
420009,414,1
403403,3149,1
401083,70755,1
394572,5008,1
412686,3700,1
447194,64783,1
386744,6505,1
404150,70697,1
442053,64783,1
458873,6416,1
384784,5303,1
420126,1777,1
419653,5170,1
405034,1777,1
393743,5943,1
393748,39039,1
404006,2611,1
420228,5551,1
433674,6416,1
403833,5942,1
386151,70918,1
431954,5942,1
407803,5787,1
412691,70637,1
385852,4283,1
399846,5636,1
434679,649,1
447194,5694,1
423386,502,1
404151,70031,1
449076,70636,1
388916,3856,1
442005,70788,1
443657,5898,1
394115,70678,1
413262,461,1
388559,5898,1
423618,3558,1
419606,1321,1
420067,70921,1
404006,2054,1
404755,70782,1
458378,70969,1
420228,1047,1
394253,5612,1
434734,474,1
458677,38901,1
458568,38901,1
462513,643,1
409254,70782,1
404954,1281,1
441973,5942,1
442045,70762,1
423385,70774,1
458953,69841,1
404149,5609,1
405465,527,1
394275,649,1
457661,649,1
449909,6321,1
458701,649,1
412693,70682,1
459298,2394,1
450311,2654,1
420685,3806,1
393747,70638,1
405375,70732,1
447577,66967,1
450311,70754,1
420261,5334,1
412552,5334,1
458352,38903,1
449931,5703,1
463166,70638,1
462521,70786,1
400605,3764,1
462511,39235,1
423694,70757,1
462523,4347,1
464890,70637,1
448676,70777,1
405375,5395,1
446740,554,1
433673,1082,1
431927,70086,1
415483,70788,1
418319,5503,1
433204,6348,1
417321,5498,1
433163,5503,1
409153,1656,1
446687,70640,1
462509,70972,1
458354,2777,1
455136,5902,1
438947,5518,1
463334,461,1
459298,413,1
420128,5518,1
458379,509,1
403142,70636,1
449431,39235,1
399718,70920,1
412687,5939,1
434678,3700,1
403991,39039,1
458815,5446,1
412498,5446,1
400724,488,1
443659,5205,1
424114,425,1
405033,6433,1
434681,39284,1
458585,3764,1
418194,5503,1
463104,466,1
433673,5992,1
457667,466,1
414731,6348,1
438947,5298,1
457638,70929,1
462523,2985,1
433660,69385,1
462505,70932,1
405120,705,1
442053,70775,1
420010,705,1
457666,2707,1
423618,6410,1
458534,5939,1
431931,705,1
442102,6507,1
434766,5151,1
412796,1281,1
466429,6509,1
466360,6428,1
412795,35934,1
435298,2963,1
458676,70930,1
466517,6428,1
463249,70647,1
458908,2963,1
450312,5518,1
458972,2963,1
449073,6433,1
466456,6433,1
462522,5519,1
458569,70759,1
466472,422,1
466576,422,1
414794,413,1
466368,70734,1
449340,532,1
432794,1866,1
458657,422,1
432066,1713,1
412851,997,1
466334,5134,1
462513,70784,1
449097,3757,1
417321,5118,1
412550,38906,1
434552,1714,1
466426,515,1
448376,5897,1
417255,515,1
420401,705,1
412692,1089,1
412687,435,1
419703,39033,1
449717,435,1
471038,39033,1
442104,39033,1
466340,3295,1
423619,5703,1
413262,70973,1
449097,6013,1
458546,70751,1
419505,478,1
412551,5722,1
443668,3209,1
462519,70760,1
412740,419,1
471039,5955,1
458702,464,1
448734,5635,1
434679,5621,1
418380,3370,1
473080,3331,1
463103,475,1
419701,70780,1
458379,840,1
423385,70931,1
433172,3757,1
464920,840,1
433665,5571,1
446641,5833,1
466456,840,1
431929,39285,1
471044,39039,1
466487,1081,1
458815,596,1
466563,5612,1
443669,5954,1
443659,5612,1
420125,5422,1
419390,70652,1
423618,5937,1
418347,5818,1
446742,5897,1
413024,1069,1
457630,5680,1
423849,70753,1
434824,3149,1
471840,5942,1
433683,5943,1
433676,6411,1
420401,70640,1
449432,6411,1
458352,39034,1
418319,69919,1
466991,39034,1
443669,596,1
458534,444,1
466356,5008,1
435001,38901,1
449931,5008,1
420934,39036,1
443656,5147,1
419390,70736,1
441974,70683,1
449931,70759,1
466470,5147,1
466483,70736,1
461145,3592,1
420125,70928,1
459299,6505,1
433666,3592,1
442044,538,1
482218,4393,1
466883,70761,1
447578,3295,1
442105,5946,1
433667,5935,1
426951,6336,1
423383,1777,1
462503,467,1
463104,1714,1
426021,69587,1
471036,70736,1
464148,1714,1
473077,39037,1
418239,70637,1
475811,535,1
466369,5942,1
448940,70931,1
420228,6411,1
418380,2054,1
420126,61180,1
442002,39247,1
419390,70777,1
449339,1972,1
439027,70681,1
442049,70697,1
462523,70681,1
482455,2703,1
419608,70959,1
457682,3856,1
466303,466,1
435302,70647,1
449717,70956,1
447197,70650,1
442045,2611,1
459687,444,1
447825,3701,1
450829,70921,1
467213,70267,1
433657,70732,1
447196,4283,1
466467,546,1
443662,64783,1
471041,5733,1
466779,70632,1
435158,502,1
420128,5552,1
471039,5898,1
466467,70636,1
447578,6013,1
420934,5609,1
483016,5303,1
434733,5422,1
484615,5303,1
458972,4340,1
447444,3682,1
434681,4340,1
434675,69587,1
463249,5943,1
484093,52,1
443663,70968,1
450538,527,1
447317,70638,1
483566,5551,1
471042,6416,1
488912,6416,1
466392,2054,1
458678,6380,1
459130,413,1
448732,439,1
443656,1047,1
487468,70013,1
433174,517,1
466408,70013,1
447195,1713,1
463047,38906,1
448871,3856,1
466344,70787,1
434678,3806,1
433722,70787,1
447196,70732,1
467539,5395,1
463166,417,1
442045,6321,1
483571,39235,1
487475,69841,1
459533,70788,1
483072,5134,1
448735,70959,1
448737,554,1
434674,6340,1
433163,70782,1
457661,70972,1
447315,70782,1
447387,2394,1
482461,39234,1
487606,2394,1
449075,2394,1
458875,38903,1
483468,546,1
483234,2035,1
466578,1049,1
467184,70652,1
479286,70955,1
447577,39034,1
487475,5805,1
433672,2777,1
448871,6453,1
466678,38905,1
466485,6346,1
487467,1656,1
446781,3350,1
483545,3350,1
435160,461,1
425180,5858,1
432066,643,1
471053,39282,1
464707,2318,1
475811,5498,1
442003,70754,1
484206,517,1
466365,4972,1
462505,70682,1
471037,1089,1
433670,6340,1
466656,2841,1
466883,35934,1
433163,5703,1
496073,5902,1
442003,425,1
458570,39282,1
488041,5503,1
458659,5070,1
484092,3558,1
467302,39284,1
466468,39284,1
495974,70930,1
443665,70930,1
433676,6410,1
447130,2787,1
483074,5833,1
448691,1017,1
483139,4347,1
460168,529,1
447825,529,1
497312,5025,1
449069,3558,1
498923,6509,1
463320,6349,1
443666,6509,1
482456,6509,1
447579,2486,1
488042,1281,1
458929,2794,1
498781,5289,1
464199,70755,1
449431,5210,1
467390,70755,1
495938,5935,1
483142,532,1
433662,70784,1
442005,70097,1
487610,2770,1
495846,5897,1
433681,5118,1
434765,70732,1
448942,1089,1
483546,1866,1
447316,39230,1
466408,5572,1
483073,6428,1
463335,1972,1
483545,435,1
496206,69492,1
495195,5298,1
471044,532,1
483670,1104,1
434681,967,1
458535,5621,1
458929,70632,1
483303,425,1
457661,5345,1
493822,6331,1
466474,505,1
466882,586,1
448736,6475,1
482454,5298,1
482455,5988,1
499109,70958,1
458331,1140,1
487471,6363,1
482520,1140,1
466576,1936,1
442103,1140,1
458675,1104,1
463320,3370,1
466471,3370,1
496476,70644,1
463642,70644,1
463362,6433,1
495186,70760,1
495944,69492,1
458535,5118,1
466343,1082,1
495734,2392,1
490011,65012,1
483012,2392,1
459298,70086,1
466677,596,1
482555,39283,1
471050,39039,1
483140,3331,1
495073,3757,1
484522,6380,1
496417,6380,1
435161,3331,1
501565,478,1
466358,70920,1
457638,478,1
466634,3701,1
468393,70774,1
458678,3701,1
471044,2777,1
449163,5612,1
466335,70774,1
483517,1558,1
466576,6470,1
466428,6013,1
449909,1558,1
466455,6411,1
447194,70775,1
433671,5943,1
483118,6411,1
434675,68133,1
483574,70754,1
473069,439,1
466331,6471,1
482957,2318,1
466364,475,1
483118,2339,1
463074,38901,1
471034,2339,1
482458,6471,1
457663,596,1
495076,5935,1
500964,5147,1
466471,2045,1
457666,840,1
495081,1081,1
458572,527,1
431955,70753,1
495933,1017,1
447677,70928,1
449074,5818,1
482455,5938,1
449072,464,1
466475,3592,1
483016,6505,1
496339,439,1
463320,422,1
459438,5503,1
474066,1321,1
483980,5954,1
487468,5248,1
449074,5954,1
443660,3207,1
433163,39233,1
483192,5193,1
435161,5147,1
471049,5971,1
496477,5147,1
496417,5193,1
450010,70932,1
442050,386,1
462522,967,1
466552,386,1
457681,39037,1
463131,70031,1
462512,2688,1
483669,70637,1
463073,70637,1
458572,464,1
466428,70697,1
484356,70697,1
467539,5748,1
471042,70921,1
468003,5955,1
466355,5239,1
446637,6507,1
450829,5239,1
475812,6507,1
483667,3592,1
447129,478,1
482519,1411,1
466429,538,1
483074,5946,1
435001,70762,1
463102,70777,1
449075,5869,1
496207,444,1
495735,70956,1
466393,39285,1
487473,70736,1
471040,5636,1
496367,2703,1
482537,5334,1
462686,70918,1
487608,1777,1
433658,502,1
484522,502,1
449076,61180,1
483013,466,1
498923,502,1
465095,5313,1
446636,5942,1
447129,5942,1
495690,70755,1
458571,5008,1
450620,2849,1
464200,2849,1
495938,2849,1
483016,5851,1
449070,70736,1
443663,70784,1
448691,39036,1
465430,5988,1
466389,2054,1
495744,439,1
458331,70774,1
457662,2054,1
442102,70682,1
457662,70636,1
466563,2707,1
515204,70636,1
473072,5572,1
515188,517,1
466578,4283,1
495083,475,1
458431,529,1
471041,70098,1
483221,4283,1
448735,1540,1
483016,70681,1
458354,414,1
483654,3207,1
466485,5971,1
495846,70955,1
496073,39235,1
466484,69587,1
487609,70787,1
496367,6501,1
446741,70787,1
446641,5551,1
446689,6475,1
465342,538,1
457678,6321,1
467302,2611,1
466467,70632,1
484093,5551,1
495095,505,1
484615,5395,1
448941,69919,1
459687,3774,1
487467,5422,1
467302,6453,1
495746,3350,1
464199,2794,1
438805,1638,1
482959,3806,1
466407,3806,1
458513,70969,1
442103,5970,1
466393,6340,1
490011,61180,1
482955,70788,1
471040,5942,1
448376,70013,1
471054,5943,1
496013,38901,1
466455,510,1
487469,70743,1
466992,5552,1
466466,70782,1
483302,5535,1
448943,417,1
442007,70786,1
462512,5939,1
484614,70931,1
500964,5151,1
496207,5008,1
483046,467,1
499578,5869,1
496417,510,1
483258,6340,1
447580,5210,1
495848,2394,1
495743,5210,1
447677,554,1
466472,554,1
446796,5303,1
466338,6321,1
474066,5898,1
496207,5902,1
483545,5898,1
483772,5703,1
442055,5703,1
487472,70775,1
458573,2849,1
458698,5787,1
501792,70734,1
483249,6428,1
458700,39039,1
466678,546,1
483139,425,1
462518,6410,1
464200,5348,1
457663,425,1
463047,5025,1
496477,546,1
447193,529,1
483442,70929,1
495080,69385,1
466304,70969,1
466329,70757,1
495192,3682,1
496075,5876,1
462517,1656,1
484092,1540,1
464200,1017,1
458700,69841,1
471042,39230,1
458354,422,1
484091,5694,1
446689,70650,1
483047,70759,1
466577,413,1
484522,643,1
466337,4972,1
463249,643,1
482934,532,1
483075,1829,1
495849,997,1
448799,5902,1
447193,70923,1
449163,39284,1
448800,5897,1
482456,5897,1
515823,39284,1
462511,6363,1
495192,5858,1
458585,6363,1
458677,38906,1
466365,70086,1
447578,5118,1
463290,5289,1
495088,38906,1
462514,5289,1
483254,5446,1
466992,6433,1
487611,70918,1
483075,1972,1
483256,70267,1
483193,65012,1
487608,70755,1
483668,70971,1
464199,6470,1
462503,70751,1
487611,5956,1
483442,466,1
495734,5298,1
457662,5298,1
458513,5313,1
471047,70921,1
515967,643,1
466355,39033,1
495744,1936,1
463250,5193,1
487467,70097,1
466656,6433,1
466344,5118,1
484356,1140,1
498923,70780,1
471033,5992,1
495747,419,1
446639,6507,1
463137,6363,1
468003,6471,1
519330,5680,1
466340,70920,1
468608,5680,1
478235,6470,1
466337,70652,1
458677,509,1
449069,70958,1
483053,70644,1
515985,70931,1
482955,70931,1
519217,5988,1
482452,2392,1
466370,1082,1
466336,1082,1
496417,5722,1
479286,38903,1
468393,5621,1
446637,4393,1
483017,39233,1
449160,5935,1
483073,70097,1
447314,596,1
473079,39032,1
466474,2318,1
462509,840,1
449910,70924,1
482982,406,1
466676,6428,1
518942,2985,1
518946,5938,1
458585,586,1
446636,70098,1
466332,5943,1
467184,5503,1
462514,1866,1
479286,70760,1
466483,515,1
499142,3331,1
483073,5248,1
515969,5498,1
483220,840,1
448731,5193,1
466577,5935,1
448800,5956,1
462519,5954,1
496367,70031,1
495186,5796,1
515967,5970,1
483469,5970,1
483254,5796,1
498781,3701,1
466367,5954,1
484617,70786,1
465156,535,1
515882,6471,1
466656,39037,1
459130,1296,1
449931,1638,1
515967,39037,1
495947,505,1
471050,3149,1
483142,70921,1
471043,439,1
490011,3209,1
466305,439,1
518252,38905,1
458568,70788,1
466517,5535,1
467184,70773,1
462521,1047,1
483982,70968,1
462524,70637,1
466456,5805,1
471037,3856,1
529463,70697,1
531179,39037,1
471038,5819,1
484093,1069,1
473071,2703,1
483142,69385,1
466371,70928,1
482934,422,1
458354,70761,1
488043,464,1
483671,70761,1
466883,1140,1
487609,538,1
483192,39233,1
531552,35934,1
466304,5869,1
458875,5086,1
464707,2045,1
462504,6411,1
462516,1777,1
484618,444,1
483251,70267,1
483220,419,1
463104,2849,1
532194,3207,1
466486,70682,1
484092,410,1
471052,39034,1
466515,39036,1
482957,70918,1
483075,39036,1
488046,70972,1
495974,70928,1
463047,5070,1
466357,3592,1
495186,1321,1
519218,5070,1
515968,5942,1
473078,5239,1
471048,61180,1
519218,3207,1
466333,6475,1
463787,70968,1
457664,70739,1
471036,71111,1
483572,475,1
458571,70736,1
466390,3295,1
519314,69587,1
464920,70956,1
483786,38905,1
531702,70788,1
531421,3774,1
484356,70732,1
482956,70969,1
482461,2318,1
518248,70638,1
487472,70955,1
529601,5422,1
474066,70782,1
467214,70780,1
464199,538,1
483546,3764,1
495848,5422,1
466338,510,1
495741,5334,1
519328,6380,1
483139,5942,1
531081,5942,1
515860,39235,1
529600,5395,1
495738,5552,1
519317,505,1
466305,997,1
483047,5635,1
529601,70762,1
466369,70757,1
466340,474,1
466673,70972,1
457678,6505,1
466836,6349,1
515190,474,1
483671,5210,1
487610,5787,1
483772,3806,1
517977,410,1
459687,2707,1
483053,5946,1
458353,5025,1
471032,70930,1
487609,5055,1
518881,5055,1
483254,39282,1
466339,70734,1
519321,70930,1
457666,5787,1
519314,39234,1
483468,4972,1
516165,5151,1
487608,70757,1
518254,2486,1
463104,509,1
519218,5858,1
466362,5858,1
462521,39284,1
515962,413,1
529603,3558,1
495746,39283,1
482450,5552,1
483118,70929,1
466657,39283,1
466473,39230,1
483518,1714,1
518039,70929,1
457630,5833,1
482458,5977,1
471054,412,1
458571,5902,1
531080,39230,1
466304,6340,1
457662,1089,1
458701,70932,1
487606,70932,1
531420,5898,1
477262,422,1
466673,2486,1
531554,467,1
518254,70755,1
477262,467,1
484616,2985,1
483754,5118,1
471033,2794,1
468495,2794,1
519316,3764,1
495737,39230,1
518945,70734,1
515188,6475,1
466487,3757,1
473070,69587,1
458571,70918,1
487607,3757,1
495650,643,1
495946,5070,1
462515,5519,1
495949,65986,1
471046,65986,1
516972,5733,1
458875,5966,1
484093,5858,1
466514,4972,1
466836,70267,1
483287,5733,1
471034,5876,1
466430,5966,1
466487,70924,1
494690,1972,1
466361,39033,1
529813,39033,1
473072,1296,1
463250,5733,1
495189,5966,1
463104,70929,1
471050,488,1
519318,2035,1
483221,1089,1
459533,5025,1
466469,5289,1
484206,6507,1
466428,70683,1
463787,5992,1
459298,70973,1
531081,5988,1
463335,38903,1
518944,5935,1
487614,5289,1
468003,2787,1
516016,65012,1
473070,2770,1
463130,6013,1
463335,70644,1
495195,5612,1
466425,70644,1
529531,4393,1
462686,6411,1
495203,5147,1
462519,2392,1
487466,3682,1
483669,6411,1
458702,412,1
531550,435,1
468269,39032,1
516013,68133,1
495747,1140,1
483013,5313,1
458572,70753,1
494781,840,1
518247,2985,1
515788,840,1
529403,5722,1
515805,649,1
458431,5248,1
466360,2394,1
463074,6363,1
464890,70760,1
482984,5621,1
531079,38901,1
519322,70732,1
483257,5956,1
542236,5897,1
519322,5943,1
495949,3331,1
515190,3701,1
494593,478,1
487466,419,1
489876,70637,1
482462,6428,1
515188,5395,1
495081,5722,1
487607,5970,1
466317,70753,1
483192,70632,1
466486,70780,1
483192,6428,1
519328,70640,1
543664,5055,1
466466,5395,1
543657,3592,1
542705,70736,1
483118,70918,1
483518,1540,1
482218,5805,1
519325,5955,1
483981,5609,1
483567,61180,1
543689,5897,1
495077,1296,1
495851,70760,1
466342,70777,1
531422,538,1
496367,1081,1
466367,3295,1
487467,70777,1
495739,538,1
531130,39034,1
482957,1081,1
515787,39034,1
542253,64783,1
482555,70683,1
466657,70755,1
496477,1972,1
543678,5818,1
483546,1321,1
483257,70959,1
529069,3209,1
543668,61180,1
488263,69919,1
495075,4393,1
495194,69587,1
466310,2654,1
531036,6336,1
495747,5334,1
518247,419,1
519330,5210,1
466332,1866,1
542413,2654,1
543675,70959,1
482459,5248,1
531424,1713,1
517990,1638,1
519326,6475,1
505933,5805,1
466484,535,1
543658,2849,1
544486,52,1
543939,52,1
544323,52,1
